Date,Price,Open,High,Low,Vol.,Change %
7-Dec-18,4.488,4.348,4.57,4.231,-,3.72%
6-Dec-18,4.327,4.45,4.489,4.271,132.56K,-3.18%
5-Dec-18,4.469,4.518,4.63,4.404,105.11K,0.27%
4-Dec-18,4.457,4.392,4.574,4.358,159.87K,2.72%
3-Dec-18,4.339,4.527,4.536,4.243,190.57K,-5.92%
30-Nov-18,4.612,4.584,4.776,4.473,167.70K,-0.73%
29-Nov-18,4.646,4.671,4.674,4.452,191.44K,-1.46%
28-Nov-18,4.715,4.199,4.806,4.19,18.26K,10.63%
27-Nov-18,4.262,4.224,4.325,4.104,62.83K,0.33%
26-Nov-18,4.248,4.068,4.282,3.99,67.98K,-1.39%
23-Nov-18,4.308,4.471,4.563,4.117,121.02K,0.94%
22-Nov-18,4.268,4.485,4.53,4.119,-,-4.11%
21-Nov-18,4.451,4.536,4.864,4.42,197.74K,-1.59%
20-Nov-18,4.523,4.583,4.672,4.274,238.95K,-3.77%
19-Nov-18,4.7,4.625,4.779,4.427,264.57K,10.02%
16-Nov-18,4.272,3.907,4.39,3.907,270.72K,5.79%
15-Nov-18,4.038,4.672,4.8,3.882,362.51K,-16.52%
14-Nov-18,4.837,4.072,4.929,4.05,459.20K,17.95%
13-Nov-18,4.101,3.934,4.11,3.902,345.40K,8.26%
12-Nov-18,3.788,3.745,3.954,3.735,243.97K,1.86%
9-Nov-18,3.719,3.555,3.824,3.552,288.06K,4.97%
8-Nov-18,3.543,3.53,3.568,3.493,166.77K,-0.34%
7-Nov-18,3.555,3.543,3.56,3.486,173.38K,0.00%
6-Nov-18,3.555,3.55,3.581,3.514,178.56K,-0.34%
5-Nov-18,3.567,3.471,3.576,3.437,307.24K,8.62%
2-Nov-18,3.284,3.239,3.313,3.166,168.96K,1.45%
1-Nov-18,3.237,3.284,3.318,3.216,152.76K,-0.74%
31-Oct-18,3.261,3.21,3.294,3.207,175.41K,2.32%
30-Oct-18,3.187,3.184,3.281,3.166,146.79K,0.06%
29-Oct-18,3.185,3.139,3.199,3.1,10.67K,0.00%
26-Oct-18,3.185,3.169,3.203,3.102,64.45K,-0.53%
25-Oct-18,3.202,3.185,3.233,3.153,63.88K,1.14%
24-Oct-18,3.166,3.216,3.25,3.159,113.61K,-1.43%
23-Oct-18,3.212,3.134,3.24,3.111,178.75K,2.36%
22-Oct-18,3.138,3.227,3.247,3.126,172.06K,-3.45%
19-Oct-18,3.25,3.226,3.258,3.155,142.39K,1.63%
18-Oct-18,3.198,3.319,3.323,3.193,183.52K,-3.67%
17-Oct-18,3.32,3.253,3.34,3.24,157.40K,2.50%
16-Oct-18,3.239,3.258,3.311,3.21,132.49K,-0.09%
15-Oct-18,3.242,3.224,3.273,3.177,159.11K,2.56%
12-Oct-18,3.161,3.234,3.27,3.138,176.42K,-1.89%
11-Oct-18,3.222,3.276,3.287,3.153,264.68K,-1.89%
10-Oct-18,3.284,3.306,3.358,3.251,236.73K,0.55%
9-Oct-18,3.266,3.281,3.368,3.237,287.65K,-0.03%
8-Oct-18,3.267,3.182,3.294,3.174,233.74K,3.95%
5-Oct-18,3.143,3.189,3.224,3.109,199.27K,-0.70%
4-Oct-18,3.165,3.238,3.25,3.129,242.16K,-2.01%
3-Oct-18,3.23,3.164,3.261,3.155,207.04K,2.02%
2-Oct-18,3.166,3.114,3.194,3.109,239.37K,2.33%
1-Oct-18,3.094,3.007,3.117,3.001,202.84K,2.86%
28-Sep-18,3.008,3.057,3.062,2.977,166.73K,-1.57%
27-Sep-18,3.056,2.972,3.111,2.963,250.44K,1.16%
26-Sep-18,3.021,3.079,3.088,2.981,12.69K,-1.98%
25-Sep-18,3.082,3.043,3.087,3.02,62.95K,1.45%
24-Sep-18,3.038,2.973,3.048,2.951,80.66K,2.05%
21-Sep-18,2.977,2.962,2.989,2.938,118.89K,0.03%
20-Sep-18,2.976,2.904,2.991,2.886,192.07K,2.34%
19-Sep-18,2.908,2.926,2.948,2.898,148.13K,-0.85%
18-Sep-18,2.933,2.814,2.937,2.811,238.59K,4.23%
17-Sep-18,2.814,2.774,2.83,2.772,174.82K,1.70%
14-Sep-18,2.767,2.81,2.814,2.762,151.71K,-1.77%
13-Sep-18,2.817,2.824,2.856,2.805,143.26K,-0.42%
12-Sep-18,2.829,2.828,2.869,2.818,156.79K,0.04%
11-Sep-18,2.828,2.807,2.836,2.785,135.67K,0.86%
10-Sep-18,2.804,2.77,2.814,2.752,160.40K,1.01%
7-Sep-18,2.776,2.777,2.785,2.759,112.50K,0.14%
6-Sep-18,2.772,2.793,2.797,2.765,141.04K,-0.82%
5-Sep-18,2.795,2.815,2.843,2.786,138.64K,-0.99%
4-Sep-18,2.823,2.9,2.904,2.812,217.01K,-1.47%
3-Sep-18,2.865,2.896,2.896,2.82,-,-1.10%
2-Sep-18,2.897,2.901,2.902,2.882,-,-0.65%
31-Aug-18,2.916,2.886,2.931,2.882,121.71K,1.46%
30-Aug-18,2.874,2.875,2.89,2.841,116.91K,-0.73%
29-Aug-18,2.895,2.857,2.905,2.843,7.57K,1.51%
28-Aug-18,2.852,2.876,2.883,2.845,41.93K,-0.83%
27-Aug-18,2.876,2.908,2.915,2.874,61.68K,-1.41%
24-Aug-18,2.917,2.972,2.979,2.911,101.42K,-1.59%
23-Aug-18,2.964,2.958,2.982,2.935,106.84K,0.27%
22-Aug-18,2.956,2.991,2.993,2.953,96.25K,-0.81%
21-Aug-18,2.98,2.953,2.991,2.953,112.32K,1.33%
20-Aug-18,2.941,2.94,2.954,2.903,123.49K,-0.17%
17-Aug-18,2.946,2.908,2.968,2.908,119.42K,1.31%
16-Aug-18,2.908,2.939,2.949,2.891,125.46K,-1.09%
15-Aug-18,2.94,2.952,2.963,2.93,93.17K,-0.64%
14-Aug-18,2.959,2.926,2.974,2.922,123.29K,0.99%
13-Aug-18,2.93,2.936,2.946,2.897,126.59K,-0.48%
10-Aug-18,2.944,2.946,2.955,2.917,140.74K,-0.37%
9-Aug-18,2.955,2.943,2.959,2.93,177.24K,0.20%
8-Aug-18,2.949,2.893,2.951,2.884,195.74K,1.79%
7-Aug-18,2.897,2.861,2.9,2.857,153.53K,1.29%
6-Aug-18,2.86,2.851,2.865,2.822,99.79K,0.25%
3-Aug-18,2.853,2.819,2.862,2.814,150.12K,1.31%
2-Aug-18,2.816,2.745,2.828,2.74,176.00K,2.10%
1-Aug-18,2.758,2.78,2.788,2.744,118.79K,-0.86%
31-Jul-18,2.782,2.801,2.831,2.772,154.92K,-0.54%
30-Jul-18,2.797,2.794,2.814,2.766,124.25K,-0.89%
27-Jul-18,2.822,2.775,2.831,2.769,6.92K,1.51%
26-Jul-18,2.78,2.777,2.799,2.769,44.27K,0.18%
25-Jul-18,2.775,2.739,2.78,2.735,45.44K,1.57%
24-Jul-18,2.732,2.723,2.744,2.71,78.52K,0.40%
23-Jul-18,2.721,2.737,2.741,2.713,109.97K,-1.31%
20-Jul-18,2.757,2.767,2.784,2.754,92.13K,-0.43%
19-Jul-18,2.769,2.731,2.776,2.704,134.44K,1.76%
18-Jul-18,2.721,2.744,2.754,2.72,111.41K,-0.69%
17-Jul-18,2.74,2.768,2.788,2.731,109.35K,-0.69%
16-Jul-18,2.759,2.765,2.778,2.735,110.05K,0.25%
13-Jul-18,2.752,2.802,2.812,2.75,134.29K,-1.61%
12-Jul-18,2.797,2.822,2.827,2.789,114.89K,-1.13%
11-Jul-18,2.829,2.787,2.832,2.78,111.02K,1.47%
10-Jul-18,2.788,2.829,2.835,2.782,127.27K,-1.41%
9-Jul-18,2.828,2.839,2.865,2.817,126.58K,-1.05%
6-Jul-18,2.858,2.83,2.862,2.824,105.97K,0.74%
5-Jul-18,2.837,2.858,2.894,2.822,129.00K,-0.14%
4-Jul-18,2.841,2.849,2.893,2.822,-,-1.01%
3-Jul-18,2.87,2.861,2.903,2.852,121.58K,0.28%
2-Jul-18,2.862,2.92,2.927,2.852,165.52K,-2.12%
29-Jun-18,2.924,2.951,2.954,2.91,116.42K,-0.54%
28-Jun-18,2.94,2.988,3.021,2.93,157.12K,-1.87%
27-Jun-18,2.996,2.954,3.007,2.95,10.06K,1.94%
26-Jun-18,2.939,2.931,2.955,2.907,39.90K,0.55%
25-Jun-18,2.923,2.926,2.943,2.897,54.24K,-0.75%
22-Jun-18,2.945,2.982,2.991,2.926,101.30K,-1.01%
21-Jun-18,2.975,2.966,3.012,2.947,129.67K,0.37%
20-Jun-18,2.964,2.918,2.969,2.912,141.78K,2.21%
19-Jun-18,2.9,2.952,2.955,2.887,148.89K,-1.73%
18-Jun-18,2.951,3.051,3.053,2.945,164.89K,-2.35%
15-Jun-18,3.022,2.966,3.034,2.966,169.69K,1.92%
14-Jun-18,2.965,2.958,2.976,2.93,128.82K,0.07%
13-Jun-18,2.963,2.941,2.979,2.916,163.50K,0.82%
12-Jun-18,2.939,2.954,2.988,2.917,170.25K,-0.34%
11-Jun-18,2.949,2.927,2.966,2.912,192.02K,2.04%
8-Jun-18,2.89,2.934,2.936,2.875,158.58K,-1.37%
7-Jun-18,2.93,2.9,2.987,2.896,213.15K,1.17%
6-Jun-18,2.896,2.888,2.912,2.873,106.07K,0.21%
5-Jun-18,2.89,2.92,2.931,2.874,122.19K,-1.37%
4-Jun-18,2.93,2.974,2.98,2.923,100.05K,-1.08%
1-Jun-18,2.962,2.951,2.983,2.932,90.94K,0.34%
31-May-18,2.952,2.891,2.988,2.887,192.34K,2.32%
30-May-18,2.885,2.901,2.906,2.867,103.50K,0.35%
29-May-18,2.875,2.946,2.968,2.838,11.20K,-3.36%
28-May-18,2.975,2.964,3.001,2.94,-,1.22%
25-May-18,2.939,2.931,2.964,2.912,77.03K,-0.03%
24-May-18,2.94,2.924,2.941,2.904,66.35K,0.89%
23-May-18,2.914,2.902,2.939,2.898,111.80K,0.21%
22-May-18,2.908,2.827,2.917,2.816,181.13K,3.49%
21-May-18,2.81,2.826,2.847,2.806,127.05K,-1.30%
18-May-18,2.847,2.853,2.87,2.832,110.78K,-0.42%
17-May-18,2.859,2.817,2.862,2.78,182.97K,1.56%
16-May-18,2.815,2.827,2.844,2.809,105.94K,-0.74%
15-May-18,2.836,2.834,2.864,2.824,107.09K,-0.21%
14-May-18,2.842,2.825,2.847,2.798,130.61K,1.28%
11-May-18,2.806,2.808,2.82,2.793,119.50K,-0.28%
10-May-18,2.814,2.736,2.82,2.709,242.96K,2.81%
9-May-18,2.737,2.739,2.759,2.725,117.17K,0.18%
8-May-18,2.732,2.736,2.773,2.706,153.61K,-0.33%
7-May-18,2.741,2.71,2.77,2.695,160.12K,1.11%
4-May-18,2.711,2.731,2.742,2.702,113.28K,-0.55%
3-May-18,2.726,2.759,2.773,2.7,161.67K,-1.02%
2-May-18,2.754,2.805,2.811,2.745,126.75K,-1.71%
1-May-18,2.802,2.764,2.82,2.759,166.92K,1.41%
30-Apr-18,2.763,2.763,2.778,2.728,128.25K,-0.29%
27-Apr-18,2.771,2.826,2.834,2.768,129.33K,-1.77%
26-Apr-18,2.821,2.787,2.839,2.779,9.92K,1.26%
25-Apr-18,2.786,2.782,2.798,2.755,57.67K,0.18%
24-Apr-18,2.781,2.745,2.789,2.728,63.43K,1.50%
23-Apr-18,2.74,2.745,2.757,2.706,110.25K,0.04%
20-Apr-18,2.739,2.675,2.746,2.658,162.64K,2.97%
19-Apr-18,2.66,2.744,2.751,2.658,233.75K,-2.88%
18-Apr-18,2.739,2.741,2.79,2.734,128.92K,0.04%
17-Apr-18,2.738,2.747,2.761,2.711,94.02K,-0.51%
16-Apr-18,2.752,2.753,2.779,2.739,116.45K,0.62%
13-Apr-18,2.735,2.689,2.76,2.674,167.24K,1.82%
12-Apr-18,2.686,2.675,2.7,2.647,179.51K,0.41%
11-Apr-18,2.675,2.661,2.69,2.621,180.07K,0.72%
10-Apr-18,2.656,2.699,2.726,2.643,219.23K,-1.37%
9-Apr-18,2.693,2.679,2.704,2.64,220.80K,-0.30%
6-Apr-18,2.701,2.68,2.717,2.675,135.39K,0.97%
5-Apr-18,2.675,2.712,2.715,2.651,160.24K,-1.58%
4-Apr-18,2.718,2.696,2.746,2.675,139.58K,0.78%
3-Apr-18,2.697,2.679,2.707,2.667,112.56K,0.52%
2-Apr-18,2.683,2.73,2.759,2.65,165.21K,-1.83%
29-Mar-18,2.733,2.706,2.764,2.698,160.01K,1.30%
28-Mar-18,2.698,2.718,2.731,2.69,85.53K,0.26%
27-Mar-18,2.691,2.631,2.707,2.623,9.73K,2.79%
26-Mar-18,2.618,2.588,2.642,2.565,52.52K,1.04%
23-Mar-18,2.591,2.619,2.627,2.579,57.01K,-0.99%
22-Mar-18,2.617,2.648,2.667,2.611,103.06K,-0.80%
21-Mar-18,2.638,2.677,2.708,2.634,135.65K,-1.38%
20-Mar-18,2.675,2.66,2.695,2.65,126.46K,0.91%
19-Mar-18,2.651,2.683,2.71,2.64,115.51K,-1.38%
16-Mar-18,2.688,2.685,2.701,2.667,78.67K,0.26%
15-Mar-18,2.681,2.738,2.75,2.664,147.71K,-1.83%
14-Mar-18,2.731,2.787,2.798,2.71,146.22K,-1.97%
13-Mar-18,2.786,2.788,2.811,2.776,146.85K,0.29%
12-Mar-18,2.778,2.731,2.804,2.718,163.46K,1.68%
9-Mar-18,2.732,2.742,2.752,2.712,131.47K,-0.87%
8-Mar-18,2.756,2.786,2.793,2.737,148.18K,-0.76%
7-Mar-18,2.777,2.75,2.789,2.744,144.97K,1.02%
6-Mar-18,2.749,2.706,2.757,2.702,132.01K,1.66%
5-Mar-18,2.704,2.717,2.726,2.673,118.02K,0.33%
2-Mar-18,2.695,2.693,2.728,2.686,138.00K,-0.11%
1-Mar-18,2.698,2.668,2.731,2.642,206.39K,1.16%
28-Feb-18,2.667,2.693,2.71,2.659,133.15K,-0.60%
27-Feb-18,2.683,2.682,2.702,2.633,122.83K,1.67%
26-Feb-18,2.639,2.635,2.68,2.586,13.76K,0.53%
23-Feb-18,2.625,2.619,2.633,2.555,67.00K,-0.34%
22-Feb-18,2.634,2.657,2.67,2.607,60.42K,-0.94%
21-Feb-18,2.659,2.638,2.68,2.565,125.22K,1.64%
20-Feb-18,2.616,2.568,2.662,2.562,147.86K,0.38%
19-Feb-18,2.606,2.582,2.618,2.562,-,0.93%
18-Feb-18,2.582,2.57,2.587,2.568,-,0.94%
16-Feb-18,2.558,2.584,2.589,2.539,112.34K,-0.85%
15-Feb-18,2.58,2.613,2.623,2.53,163.82K,-0.27%
14-Feb-18,2.587,2.608,2.623,2.553,175.16K,-0.27%
13-Feb-18,2.594,2.566,2.642,2.562,203.10K,1.65%
12-Feb-18,2.552,2.554,2.607,2.538,196.43K,-1.24%
9-Feb-18,2.584,2.694,2.704,2.576,236.20K,-4.19%
8-Feb-18,2.697,2.702,2.758,2.681,191.59K,-0.19%
7-Feb-18,2.702,2.761,2.782,2.688,220.44K,-2.07%
6-Feb-18,2.759,2.767,2.785,2.695,185.16K,0.44%
5-Feb-18,2.747,2.825,2.88,2.736,200.18K,-3.48%
2-Feb-18,2.846,2.891,2.92,2.84,184.07K,-0.35%
1-Feb-18,2.856,2.956,2.978,2.837,359.41K,-4.64%
31-Jan-18,2.995,3.165,3.183,2.949,334.64K,-6.26%
30-Jan-18,3.195,3.187,3.259,3.161,257.76K,-12.01%
29-Jan-18,3.631,3.39,3.661,3.297,20.41K,3.59%
26-Jan-18,3.505,3.437,3.611,3.41,75.22K,1.68%
25-Jan-18,3.447,3.439,3.581,3.398,84.79K,-1.77%
24-Jan-18,3.509,3.541,3.624,3.404,213.63K,1.89%
23-Jan-18,3.444,3.254,3.628,3.249,291.38K,6.82%
22-Jan-18,3.224,3.252,3.269,3.143,201.68K,1.22%
19-Jan-18,3.185,3.198,3.246,3.133,224.67K,-0.13%
18-Jan-18,3.189,3.251,3.26,3.07,293.58K,-1.33%
17-Jan-18,3.232,3.125,3.288,3.098,283.97K,3.29%
16-Jan-18,3.129,3.131,3.176,3.039,332.45K,-0.13%
15-Jan-18,3.133,3.117,3.175,3.107,-,0.55%
14-Jan-18,3.116,3.124,3.124,3.091,-,-2.63%
12-Jan-18,3.2,3.137,3.224,3.07,415.93K,3.76%
11-Jan-18,3.084,2.906,3.139,2.884,405.11K,6.13%
10-Jan-18,2.906,2.962,2.989,2.869,254.16K,-0.58%
9-Jan-18,2.923,2.838,2.966,2.825,288.55K,3.10%
8-Jan-18,2.835,2.812,2.869,2.784,228.24K,1.43%
5-Jan-18,2.795,2.877,2.887,2.746,230.95K,-2.95%
4-Jan-18,2.88,3.015,3.07,2.84,319.71K,-4.26%
3-Jan-18,3.008,3.04,3.056,2.959,269.89K,-1.57%
2-Jan-18,3.056,3.03,3.097,2.923,320.18K,-0.84%
1-Jan-18,3.082,3.057,3.093,3.043,-,4.37%
29-Dec-17,2.953,2.93,3.008,2.92,272.66K,1.34%
28-Dec-17,2.914,2.749,2.945,2.734,313.12K,6.43%
27-Dec-17,2.738,2.639,2.762,2.598,19.11K,3.59%
26-Dec-17,2.643,2.708,2.78,2.63,81.46K,-3.29%
25-Dec-17,2.733,2.703,2.741,2.699,-,2.47%
22-Dec-17,2.667,2.62,2.682,2.583,68.19K,2.66%
21-Dec-17,2.598,2.654,2.669,2.568,177.65K,-1.48%
20-Dec-17,2.637,2.722,2.756,2.61,183.12K,-2.04%
19-Dec-17,2.692,2.734,2.769,2.688,219.34K,-1.93%
18-Dec-17,2.745,2.65,2.778,2.634,231.83K,5.09%
15-Dec-17,2.612,2.686,2.732,2.581,190.91K,-2.68%
14-Dec-17,2.684,2.704,2.717,2.643,205.09K,-1.14%
13-Dec-17,2.715,2.696,2.751,2.656,256.78K,1.38%
12-Dec-17,2.678,2.801,2.844,2.673,312.86K,-5.30%
11-Dec-17,2.828,2.831,2.848,2.793,196.70K,2.02%
8-Dec-17,2.772,2.769,2.82,2.757,233.77K,0.33%
7-Dec-17,2.763,2.91,2.922,2.747,392.52K,-5.44%
6-Dec-17,2.922,2.91,2.961,2.884,178.78K,0.27%
5-Dec-17,2.914,2.976,2.998,2.875,240.84K,-2.38%
4-Dec-17,2.985,3.091,3.127,2.953,238.23K,-2.48%
1-Dec-17,3.061,3.032,3.117,3.029,213.44K,1.19%
30-Nov-17,3.025,3.175,3.194,3.008,317.43K,-4.84%
29-Nov-17,3.179,3.131,3.218,3.127,230.34K,3.42%
28-Nov-17,3.074,2.947,3.102,2.945,13.12K,4.99%
27-Nov-17,2.928,2.927,2.95,2.876,56.31K,4.09%
24-Nov-17,2.813,2.961,2.986,2.797,94.88K,-3.13%
23-Nov-17,2.904,2.971,2.986,2.891,-,-2.16%
22-Nov-17,2.968,3.013,3.027,2.955,139.40K,-1.62%
21-Nov-17,3.017,3.032,3.064,3.012,133.59K,-0.98%
20-Nov-17,3.047,3.07,3.089,3.026,160.17K,-1.61%
17-Nov-17,3.097,3.072,3.134,3.059,191.29K,1.44%
16-Nov-17,3.053,3.087,3.11,3.046,186.92K,-0.88%
15-Nov-17,3.08,3.078,3.153,3.052,192.70K,-0.71%
14-Nov-17,3.102,3.141,3.149,3.064,219.94K,-2.05%
13-Nov-17,3.167,3.2,3.231,3.127,208.60K,-1.43%
10-Nov-17,3.213,3.208,3.224,3.171,179.75K,0.41%
9-Nov-17,3.2,3.152,3.217,3.152,247.73K,0.79%
8-Nov-17,3.175,3.151,3.19,3.114,210.31K,0.73%
7-Nov-17,3.152,3.125,3.176,3.088,247.52K,0.57%
6-Nov-17,3.134,3.085,3.143,3.051,267.65K,5.03%
3-Nov-17,2.984,2.935,2.998,2.93,143.21K,1.67%
2-Nov-17,2.935,2.9,2.957,2.881,184.94K,1.45%
1-Nov-17,2.893,2.906,2.929,2.847,189.88K,-0.10%
31-Oct-17,2.896,2.988,3.005,2.882,194.99K,-2.36%
30-Oct-17,2.966,2.938,3.006,2.936,124.09K,7.78%
27-Oct-17,2.752,2.899,2.899,2.723,-,-4.78%
26-Oct-17,2.89,2.929,2.941,2.867,50.11K,-0.99%
25-Oct-17,2.919,2.991,2.999,2.913,65.78K,-1.85%
24-Oct-17,2.974,2.971,3.004,2.96,112.76K,-0.57%
23-Oct-17,2.991,3.001,3.017,2.948,178.93K,2.61%
20-Oct-17,2.915,2.886,2.94,2.856,225.04K,1.46%
19-Oct-17,2.873,2.868,2.91,2.773,295.77K,0.67%
18-Oct-17,2.854,2.923,2.941,2.851,205.29K,-3.65%
17-Oct-17,2.962,2.955,3.026,2.921,202.67K,0.54%
16-Oct-17,2.946,2.96,2.977,2.908,179.56K,-1.80%
13-Oct-17,3,2.995,3.036,2.984,179.59K,0.37%
12-Oct-17,2.989,2.906,3.008,2.895,308.99K,3.46%
11-Oct-17,2.889,2.882,2.962,2.876,224.27K,-0.07%
10-Oct-17,2.891,2.836,2.896,2.833,201.27K,2.05%
9-Oct-17,2.833,2.859,2.886,2.827,174.73K,-1.05%
6-Oct-17,2.863,2.895,2.917,2.856,226.64K,-2.05%
5-Oct-17,2.923,2.934,2.995,2.894,180.00K,-0.58%
4-Oct-17,2.94,2.905,2.977,2.898,160.56K,1.55%
3-Oct-17,2.895,2.925,2.935,2.88,151.62K,-0.72%
2-Oct-17,2.916,3.018,3.025,2.889,251.48K,-3.03%
29-Sep-17,3.007,3.022,3.044,2.992,117.98K,-0.33%
28-Sep-17,3.017,3.059,3.081,3.001,192.44K,1.45%
27-Sep-17,2.974,2.917,2.989,2.912,15.71K,1.92%
26-Sep-17,2.918,2.921,2.955,2.898,54.99K,-0.03%
25-Sep-17,2.919,2.932,2.986,2.911,73.23K,-1.35%
22-Sep-17,2.959,2.957,2.978,2.945,109.53K,0.44%
21-Sep-17,2.946,3.081,3.091,2.942,271.68K,-4.78%
20-Sep-17,3.094,3.118,3.148,3.077,172.96K,-0.90%
19-Sep-17,3.122,3.151,3.166,3.112,156.61K,-0.76%
18-Sep-17,3.146,3.049,3.157,3.049,209.88K,4.03%
15-Sep-17,3.024,3.065,3.074,3.006,144.12K,-1.50%
14-Sep-17,3.07,3.059,3.106,3.036,204.32K,0.39%
13-Sep-17,3.058,2.996,3.078,2.995,191.19K,1.90%
12-Sep-17,3.001,2.95,3.043,2.936,248.75K,1.73%
11-Sep-17,2.95,2.91,2.953,2.899,164.09K,2.08%
8-Sep-17,2.89,2.972,2.975,2.885,204.84K,-3.05%
7-Sep-17,2.981,3.008,3.03,2.968,137.13K,-0.63%
6-Sep-17,3,2.97,3.031,2.96,145.05K,0.94%
5-Sep-17,2.972,3.013,3.059,2.965,172.70K,-1.62%
4-Sep-17,3.021,3.042,3.06,3.018,-,-0.72%
3-Sep-17,3.043,3.025,3.054,3.014,-,-0.88%
1-Sep-17,3.07,3.027,3.088,2.998,179.19K,0.99%
31-Aug-17,3.04,2.945,3.045,2.908,241.06K,3.44%
30-Aug-17,2.939,2.973,2.98,2.928,96.50K,-0.74%
29-Aug-17,2.961,2.915,2.998,2.9,7.95K,1.23%
28-Aug-17,2.925,2.924,2.967,2.849,48.08K,1.14%
25-Aug-17,2.892,2.947,2.952,2.881,53.99K,-1.93%
24-Aug-17,2.949,2.926,2.982,2.917,105.19K,0.72%
23-Aug-17,2.928,2.935,2.957,2.9,104.36K,-0.37%
22-Aug-17,2.939,2.963,3.006,2.927,151.72K,-0.78%
21-Aug-17,2.962,2.894,2.98,2.867,171.19K,2.39%
18-Aug-17,2.893,2.917,2.928,2.885,83.32K,-1.23%
17-Aug-17,2.929,2.891,2.939,2.856,158.46K,1.35%
16-Aug-17,2.89,2.92,2.933,2.883,135.73K,-1.53%
15-Aug-17,2.935,2.961,2.972,2.919,103.18K,-0.81%
14-Aug-17,2.959,3.005,3.018,2.925,130.57K,-0.80%
11-Aug-17,2.983,2.976,2.997,2.962,137.47K,-0.07%
10-Aug-17,2.985,2.877,2.995,2.872,262.16K,3.54%
9-Aug-17,2.883,2.811,2.899,2.8,184.36K,2.16%
8-Aug-17,2.822,2.805,2.832,2.783,134.19K,0.75%
7-Aug-17,2.801,2.772,2.812,2.764,144.96K,0.97%
4-Aug-17,2.774,2.792,2.8,2.753,100.74K,-0.93%
3-Aug-17,2.8,2.811,2.846,2.79,125.79K,-0.39%
2-Aug-17,2.811,2.815,2.837,2.785,111.07K,-0.28%
1-Aug-17,2.819,2.81,2.835,2.761,151.16K,0.89%
31-Jul-17,2.794,2.9,2.9,2.781,176.23K,-5.00%
28-Jul-17,2.941,2.958,2.983,2.923,83.19K,-0.94%
27-Jul-17,2.969,2.926,2.998,2.904,11.03K,1.54%
26-Jul-17,2.924,2.944,2.965,2.895,45.38K,-0.68%
25-Jul-17,2.944,2.907,2.95,2.899,50.58K,1.55%
24-Jul-17,2.899,2.914,2.955,2.88,128.44K,-2.39%
21-Jul-17,2.97,3.03,3.044,2.938,158.26K,-2.40%
20-Jul-17,3.043,3.066,3.114,3.017,177.68K,-0.75%
19-Jul-17,3.066,3.082,3.103,3.062,101.88K,-0.71%
18-Jul-17,3.088,3.022,3.094,3.02,133.41K,2.25%
17-Jul-17,3.02,2.982,3.049,2.98,114.34K,1.34%
14-Jul-17,2.98,2.959,3,2.928,151.63K,0.64%
13-Jul-17,2.961,2.992,3.02,2.947,172.38K,-0.80%
12-Jul-17,2.985,3.035,3.043,2.97,180.11K,-2.03%
11-Jul-17,3.047,2.925,3.053,2.921,203.42K,4.03%
10-Jul-17,2.929,2.898,2.946,2.87,164.96K,2.27%
7-Jul-17,2.864,2.899,2.947,2.847,156.39K,-0.83%
6-Jul-17,2.888,2.857,2.893,2.849,147.75K,1.69%
5-Jul-17,2.84,2.952,3.02,2.832,239.39K,-4.83%
4-Jul-17,2.984,2.959,2.993,2.95,-,1.12%
3-Jul-17,2.951,2.949,3.05,2.935,142.58K,-2.77%
30-Jun-17,3.035,3.037,3.052,2.974,152.13K,-0.23%
29-Jun-17,3.042,3.08,3.122,3.032,156.62K,-0.82%
28-Jun-17,3.067,3.02,3.08,3.016,12.25K,0.99%
27-Jun-17,3.037,3.049,3.06,3.012,48.46K,0.33%
26-Jun-17,3.027,2.99,3.052,2.975,61.78K,3.35%
23-Jun-17,2.929,2.898,2.94,2.895,99.80K,1.21%
22-Jun-17,2.894,2.896,2.962,2.855,150.93K,0.03%
21-Jun-17,2.893,2.897,2.948,2.878,142.00K,-0.48%
20-Jun-17,2.907,2.897,2.913,2.879,112.91K,0.45%
19-Jun-17,2.894,2.966,2.971,2.877,155.30K,-4.71%
16-Jun-17,3.037,3.049,3.082,3.021,121.17K,-0.62%
15-Jun-17,3.056,2.943,3.066,2.929,195.04K,4.19%
14-Jun-17,2.933,2.962,2.989,2.916,164.62K,-1.11%
13-Jun-17,2.966,3.011,3.065,2.949,224.04K,-1.92%
12-Jun-17,3.024,3.032,3.087,3.001,163.50K,-0.49%
9-Jun-17,3.039,3.034,3.066,3.028,138.97K,0.36%
8-Jun-17,3.028,3.019,3.068,2.978,205.11K,0.26%
7-Jun-17,3.02,3.061,3.095,3.01,179.73K,-0.72%
6-Jun-17,3.042,2.982,3.063,2.972,139.91K,2.01%
5-Jun-17,2.982,3.026,3.047,2.935,148.45K,-0.57%
2-Jun-17,2.999,3.051,3.051,2.989,147.33K,-0.30%
1-Jun-17,3.008,3.08,3.128,2.988,236.24K,-2.05%
31-May-17,3.071,3.146,3.172,3.061,208.51K,-2.35%
30-May-17,3.145,3.25,3.255,3.141,215.16K,-1.75%
29-May-17,3.201,3.236,3.245,3.192,-,-1.08%
28-May-17,3.236,3.252,3.252,3.216,-,0.00%
26-May-17,3.236,3.186,3.263,3.167,-,1.63%
25-May-17,3.184,3.204,3.257,3.145,45.80K,-0.78%
24-May-17,3.209,3.234,3.252,3.176,51.80K,-0.31%
23-May-17,3.219,3.325,3.333,3.211,131.86K,-3.33%
22-May-17,3.33,3.291,3.334,3.279,132.56K,2.27%
19-May-17,3.256,3.184,3.27,3.181,143.46K,2.33%
18-May-17,3.182,3.209,3.242,3.161,153.42K,-0.31%
17-May-17,3.192,3.231,3.269,3.165,147.28K,-1.18%
16-May-17,3.23,3.359,3.369,3.216,203.41K,-3.55%
15-May-17,3.349,3.387,3.408,3.334,142.31K,-2.19%
12-May-17,3.424,3.368,3.431,3.35,150.24K,1.42%
11-May-17,3.376,3.278,3.388,3.273,199.19K,2.55%
10-May-17,3.292,3.214,3.349,3.202,223.19K,2.01%
9-May-17,3.227,3.178,3.246,3.173,170.98K,1.73%
8-May-17,3.172,3.243,3.265,3.14,196.69K,-2.88%
5-May-17,3.266,3.199,3.282,3.183,150.65K,2.51%
4-May-17,3.186,3.22,3.254,3.165,140.03K,-1.30%
3-May-17,3.228,3.185,3.233,3.175,89.63K,1.03%
2-May-17,3.195,3.231,3.273,3.178,141.62K,-0.62%
1-May-17,3.215,3.249,3.313,3.198,128.61K,-1.86%
28-Apr-17,3.276,3.24,3.298,3.229,117.65K,1.14%
27-Apr-17,3.239,3.255,3.266,3.207,139.12K,3.09%
26-Apr-17,3.142,3.052,3.17,3.031,11.33K,3.25%
25-Apr-17,3.043,3.064,3.083,3.022,64.75K,-0.75%
24-Apr-17,3.066,3.094,3.149,3.031,67.85K,-1.13%
21-Apr-17,3.101,3.168,3.185,3.082,114.90K,-1.84%
20-Apr-17,3.159,3.191,3.219,3.134,126.00K,-0.82%
19-Apr-17,3.185,3.15,3.223,3.143,158.32K,1.27%
18-Apr-17,3.145,3.164,3.182,3.114,138.63K,-0.57%
17-Apr-17,3.163,3.229,3.249,3.158,147.64K,-1.98%
13-Apr-17,3.227,3.182,3.243,3.149,182.11K,1.26%
12-Apr-17,3.187,3.168,3.197,3.132,174.01K,1.17%
11-Apr-17,3.15,3.243,3.268,3.141,201.47K,-2.72%
10-Apr-17,3.238,3.24,3.293,3.228,141.82K,-0.71%
7-Apr-17,3.261,3.307,3.34,3.246,170.78K,-2.10%
6-Apr-17,3.331,3.269,3.337,3.235,165.91K,1.99%
5-Apr-17,3.266,3.293,3.347,3.254,165.27K,-0.82%
4-Apr-17,3.293,3.145,3.301,3.121,232.92K,5.27%
3-Apr-17,3.128,3.217,3.239,3.125,124.59K,-1.94%
31-Mar-17,3.19,3.199,3.242,3.163,114.82K,-0.03%
30-Mar-17,3.191,3.21,3.237,3.141,133.29K,0.50%
29-Mar-17,3.175,3.089,3.183,3.082,8.02K,2.55%
28-Mar-17,3.096,3.046,3.104,3.011,53.20K,1.44%
27-Mar-17,3.052,3.119,3.133,3.043,59.54K,-0.78%
24-Mar-17,3.076,3.05,3.092,3.016,102.12K,0.82%
23-Mar-17,3.051,3.02,3.063,2.986,147.43K,1.33%
22-Mar-17,3.011,3.082,3.095,3.007,125.48K,-2.65%
21-Mar-17,3.093,3.08,3.113,3.033,138.76K,1.71%
20-Mar-17,3.041,2.913,3.085,2.902,133.71K,3.15%
17-Mar-17,2.948,2.908,2.965,2.882,102.59K,1.59%
16-Mar-17,2.902,2.974,2.976,2.888,175.33K,-2.65%
15-Mar-17,2.981,2.949,3.006,2.923,119.23K,1.46%
14-Mar-17,2.938,3.018,3.063,2.927,156.66K,-3.45%
13-Mar-17,3.043,3.083,3.089,2.99,140.78K,1.16%
10-Mar-17,3.008,2.987,3.043,2.966,162.57K,1.14%
9-Mar-17,2.974,2.913,2.99,2.889,178.68K,2.52%
8-Mar-17,2.901,2.835,2.949,2.833,200.06K,2.73%
7-Mar-17,2.824,2.872,2.89,2.815,166.48K,-2.65%
6-Mar-17,2.901,2.911,2.952,2.857,216.89K,2.62%
3-Mar-17,2.827,2.816,2.84,2.775,155.24K,0.82%
2-Mar-17,2.804,2.791,2.835,2.73,173.32K,0.18%
1-Mar-17,2.799,2.77,2.828,2.743,154.83K,0.90%
28-Feb-17,2.774,2.691,2.788,2.653,183.62K,3.01%
27-Feb-17,2.693,2.715,2.721,2.659,127.55K,2.51%
24-Feb-17,2.627,2.62,2.67,2.587,-,0.38%
23-Feb-17,2.617,2.598,2.704,2.569,67.94K,0.96%
22-Feb-17,2.592,2.584,2.64,2.522,69.60K,1.09%
21-Feb-17,2.564,2.791,2.826,2.556,205.02K,-10.91%
20-Feb-17,2.878,2.894,2.897,2.864,-,-0.55%
19-Feb-17,2.894,2.913,2.913,2.892,-,2.12%
17-Feb-17,2.834,2.84,2.899,2.83,126.49K,-0.70%
16-Feb-17,2.854,2.934,2.953,2.831,138.78K,-2.43%
15-Feb-17,2.925,2.939,2.994,2.913,126.12K,0.69%
14-Feb-17,2.905,2.923,2.953,2.887,142.94K,-1.32%
13-Feb-17,2.944,2.978,2.994,2.921,162.67K,-2.97%
10-Feb-17,3.034,3.105,3.121,3.005,188.16K,-3.41%
9-Feb-17,3.141,3.143,3.189,3.11,162.28K,0.48%
8-Feb-17,3.126,3.14,3.164,3.06,159.48K,-0.13%
7-Feb-17,3.13,3.06,3.156,3.051,177.01K,2.62%
6-Feb-17,3.05,3.015,3.086,3.006,124.25K,-0.42%
3-Feb-17,3.063,3.193,3.201,3.042,179.66K,-3.89%
2-Feb-17,3.187,3.174,3.209,3.118,149.33K,0.60%
1-Feb-17,3.168,3.134,3.228,3.113,136.18K,1.64%
31-Jan-17,3.117,3.224,3.235,3.11,198.01K,-3.56%
30-Jan-17,3.232,3.3,3.342,3.216,135.65K,-4.69%
27-Jan-17,3.391,3.35,3.418,3.245,-,0.27%
26-Jan-17,3.382,3.362,3.494,3.35,75.88K,1.50%
25-Jan-17,3.332,3.292,3.365,3.255,51.14K,1.62%
24-Jan-17,3.279,3.28,3.35,3.259,99.03K,1.11%
23-Jan-17,3.243,3.18,3.278,3.145,108.56K,1.22%
20-Jan-17,3.204,3.301,3.347,3.189,138.92K,-4.87%
19-Jan-17,3.368,3.325,3.404,3.257,145.48K,2.00%
18-Jan-17,3.302,3.397,3.437,3.282,128.82K,-3.22%
17-Jan-17,3.412,3.473,3.513,3.354,137.70K,-2.04%
16-Jan-17,3.483,3.466,3.496,3.401,-,0.49%
15-Jan-17,3.466,3.474,3.479,3.465,-,1.37%
13-Jan-17,3.419,3.397,3.435,3.332,155.20K,0.97%
12-Jan-17,3.386,3.295,3.45,3.294,202.40K,5.02%
11-Jan-17,3.224,3.274,3.352,3.213,145.25K,-1.65%
10-Jan-17,3.278,3.115,3.327,3.11,178.59K,5.64%
9-Jan-17,3.103,3.253,3.275,3.098,163.39K,-5.54%
6-Jan-17,3.285,3.304,3.358,3.214,140.08K,0.37%
5-Jan-17,3.273,3.26,3.346,3.172,208.43K,0.18%
4-Jan-17,3.267,3.317,3.358,3.236,171.53K,-1.80%
3-Jan-17,3.327,3.568,3.568,3.267,254.13K,-4.94%
2-Jan-17,3.5,3.56,3.56,3.459,-,-6.02%
30-Dec-16,3.724,3.8,3.857,3.69,96.92K,-2.05%
29-Dec-16,3.802,3.872,3.884,3.754,132.57K,-3.26%
28-Dec-16,3.93,3.735,3.994,3.664,17.26K,4.49%
27-Dec-16,3.761,3.736,3.778,3.686,59.67K,-0.13%
26-Dec-16,3.766,3.756,3.774,3.751,-,2.84%
23-Dec-16,3.662,3.541,3.715,3.534,58.30K,3.50%
22-Dec-16,3.538,3.572,3.626,3.497,119.59K,-0.11%
21-Dec-16,3.542,3.311,3.593,3.307,169.03K,8.55%
20-Dec-16,3.263,3.401,3.408,3.242,165.29K,-3.80%
19-Dec-16,3.392,3.353,3.45,3.33,119.33K,-0.67%
16-Dec-16,3.415,3.42,3.434,3.343,120.43K,-0.55%
15-Dec-16,3.434,3.567,3.589,3.394,190.80K,-2.99%
14-Dec-16,3.54,3.477,3.572,3.444,140.16K,1.90%
13-Dec-16,3.474,3.525,3.577,3.448,163.18K,-0.94%
12-Dec-16,3.507,3.583,3.601,3.472,245.76K,-6.38%
9-Dec-16,3.746,3.71,3.777,3.661,206.66K,1.38%
8-Dec-16,3.695,3.569,3.73,3.503,233.85K,2.55%
7-Dec-16,3.603,3.633,3.748,3.556,252.20K,-0.88%
6-Dec-16,3.635,3.6,3.732,3.574,225.25K,-0.52%
5-Dec-16,3.654,3.471,3.656,3.45,192.19K,6.34%
2-Dec-16,3.436,3.539,3.568,3.378,168.56K,-1.97%
1-Dec-16,3.505,3.348,3.547,3.316,210.76K,4.56%
30-Nov-16,3.352,3.325,3.365,3.285,168.56K,1.12%
29-Nov-16,3.315,3.359,3.367,3.277,163.40K,2.57%
28-Nov-16,3.232,3.13,3.265,3.13,13.72K,4.76%
25-Nov-16,3.085,3.011,3.121,3.001,36.48K,1.61%
24-Nov-16,3.036,3.012,3.045,3,-,0.33%
23-Nov-16,3.026,2.948,3.062,2.915,65.48K,1.48%
22-Nov-16,2.982,2.973,3.014,2.913,112.52K,1.08%
21-Nov-16,2.95,2.898,2.973,2.891,112.52K,3.76%
18-Nov-16,2.843,2.696,2.852,2.69,134.23K,5.18%
17-Nov-16,2.703,2.767,2.798,2.681,140.20K,-2.21%
16-Nov-16,2.764,2.71,2.782,2.669,125.53K,2.03%
15-Nov-16,2.709,2.746,2.822,2.694,150.88K,-1.46%
14-Nov-16,2.749,2.667,2.778,2.644,138.94K,4.96%
11-Nov-16,2.619,2.656,2.685,2.555,162.83K,-0.49%
10-Nov-16,2.632,2.691,2.728,2.575,185.15K,-2.16%
9-Nov-16,2.69,2.612,2.743,2.546,209.32K,2.16%
8-Nov-16,2.633,2.832,2.856,2.607,211.75K,-6.50%
7-Nov-16,2.816,2.848,2.875,2.781,141.84K,1.77%
4-Nov-16,2.767,2.815,2.82,2.741,120.82K,-0.07%
3-Nov-16,2.769,2.773,2.84,2.725,170.35K,-0.82%
2-Nov-16,2.792,2.852,2.889,2.769,193.68K,-3.79%
1-Nov-16,2.902,2.979,3.029,2.85,228.84K,-4.10%
31-Oct-16,3.026,3.15,3.163,2.978,154.85K,-2.54%
28-Oct-16,3.105,3.081,3.125,3.016,157.12K,12.34%
27-Oct-16,2.764,2.746,2.793,2.684,14.50K,1.21%
26-Oct-16,2.731,2.757,2.776,2.627,83.05K,-1.55%
25-Oct-16,2.774,2.851,2.879,2.755,99.28K,-2.01%
24-Oct-16,2.831,3.007,3.044,2.827,162.04K,-5.41%
21-Oct-16,2.993,3.12,3.121,2.955,170.37K,-4.71%
20-Oct-16,3.141,3.173,3.201,3.101,161.64K,-0.91%
19-Oct-16,3.17,3.26,3.261,3.144,156.84K,-2.85%
18-Oct-16,3.263,3.252,3.317,3.248,116.94K,0.59%
17-Oct-16,3.244,3.26,3.271,3.211,128.89K,-1.25%
14-Oct-16,3.285,3.345,3.362,3.264,166.45K,-1.68%
13-Oct-16,3.341,3.211,3.366,3.164,267.95K,4.08%
12-Oct-16,3.21,3.223,3.26,3.184,171.81K,-0.83%
11-Oct-16,3.237,3.272,3.3,3.209,187.56K,-1.16%
10-Oct-16,3.275,3.194,3.289,3.154,204.36K,2.57%
7-Oct-16,3.193,3.033,3.218,3.015,283.58K,4.72%
6-Oct-16,3.049,3.03,3.071,2.972,202.36K,0.26%
5-Oct-16,3.041,2.973,3.058,2.922,171.02K,2.60%
4-Oct-16,2.964,2.907,2.99,2.878,145.55K,1.40%
3-Oct-16,2.923,2.905,2.937,2.866,126.40K,0.59%
30-Sep-16,2.906,2.966,2.977,2.892,168.14K,-1.79%
29-Sep-16,2.959,3.01,3.032,2.956,131.81K,0.24%
28-Sep-16,2.952,2.994,2.994,2.905,8.88K,-1.47%
27-Sep-16,2.996,3.011,3.023,2.977,45.16K,-0.03%
26-Sep-16,2.997,2.949,3.018,2.943,44.21K,1.42%
23-Sep-16,2.955,2.995,3.021,2.933,93.79K,-1.17%
22-Sep-16,2.99,3.074,3.091,2.981,132.43K,-2.19%
21-Sep-16,3.057,3.078,3.098,3.029,129.47K,0.33%
20-Sep-16,3.047,2.936,3.072,2.935,172.08K,3.85%
19-Sep-16,2.934,2.956,2.958,2.89,106.54K,-0.47%
16-Sep-16,2.948,2.918,2.963,2.866,124.00K,0.72%
15-Sep-16,2.927,2.895,2.944,2.834,152.77K,1.32%
14-Sep-16,2.889,2.899,2.978,2.852,175.31K,-0.69%
13-Sep-16,2.909,2.902,2.942,2.887,140.06K,-0.21%
12-Sep-16,2.915,2.82,2.924,2.82,189.73K,4.22%
9-Sep-16,2.797,2.81,2.844,2.783,149.67K,-0.32%
8-Sep-16,2.806,2.681,2.821,2.679,212.59K,4.86%
7-Sep-16,2.676,2.725,2.743,2.665,139.25K,-1.51%
6-Sep-16,2.717,2.764,2.77,2.708,126.92K,-1.27%
5-Sep-16,2.752,2.756,2.77,2.734,-,-0.22%
4-Sep-16,2.758,2.764,2.764,2.755,-,-1.22%
2-Sep-16,2.792,2.805,2.825,2.77,88.82K,0.00%
1-Sep-16,2.792,2.879,2.89,2.785,157.51K,-3.29%
31-Aug-16,2.887,2.834,2.9,2.808,140.18K,2.12%
30-Aug-16,2.827,2.893,2.943,2.815,133.44K,-0.91%
29-Aug-16,2.853,2.847,2.896,2.831,10.33K,-0.63%
26-Aug-16,2.871,2.84,2.907,2.797,49.83K,0.88%
25-Aug-16,2.846,2.79,2.863,2.749,68.93K,1.79%
24-Aug-16,2.796,2.761,2.819,2.749,108.01K,1.27%
23-Aug-16,2.761,2.671,2.765,2.652,131.60K,3.06%
22-Aug-16,2.679,2.596,2.696,2.596,143.25K,3.68%
19-Aug-16,2.584,2.66,2.67,2.569,122.69K,-3.37%
18-Aug-16,2.674,2.615,2.697,2.602,146.98K,2.10%
17-Aug-16,2.619,2.627,2.648,2.585,122.02K,0.08%
16-Aug-16,2.617,2.591,2.63,2.58,98.53K,1.04%
15-Aug-16,2.59,2.565,2.636,2.561,102.33K,0.15%
12-Aug-16,2.586,2.535,2.625,2.523,134.47K,1.37%
11-Aug-16,2.551,2.57,2.605,2.529,181.83K,-0.39%
10-Aug-16,2.561,2.619,2.65,2.551,187.74K,-2.07%
9-Aug-16,2.615,2.738,2.744,2.605,221.21K,-4.84%
8-Aug-16,2.748,2.749,2.761,2.705,175.88K,-0.87%
5-Aug-16,2.772,2.829,2.832,2.756,145.17K,-2.19%
4-Aug-16,2.834,2.842,2.885,2.81,148.30K,-0.18%
3-Aug-16,2.839,2.734,2.866,2.722,155.70K,3.88%
2-Aug-16,2.733,2.774,2.799,2.728,107.78K,-1.37%
1-Aug-16,2.771,2.84,2.876,2.768,128.41K,-3.65%
29-Jul-16,2.876,2.857,2.911,2.837,116.83K,0.10%
28-Jul-16,2.873,2.673,2.893,2.651,249.34K,7.52%
27-Jul-16,2.672,2.691,2.75,2.654,13.34K,-1.47%
26-Jul-16,2.712,2.733,2.772,2.682,54.03K,-1.27%
25-Jul-16,2.747,2.779,2.818,2.728,46.36K,-1.08%
22-Jul-16,2.777,2.688,2.795,2.66,95.60K,3.16%
21-Jul-16,2.692,2.665,2.71,2.625,120.59K,1.28%
20-Jul-16,2.658,2.722,2.73,2.648,125.80K,-2.57%
19-Jul-16,2.728,2.733,2.787,2.714,105.29K,0.22%
18-Jul-16,2.722,2.775,2.799,2.708,89.83K,-1.23%
15-Jul-16,2.756,2.73,2.778,2.669,122.44K,1.06%
14-Jul-16,2.727,2.751,2.769,2.709,126.99K,-0.37%
13-Jul-16,2.737,2.738,2.799,2.702,131.50K,0.11%
12-Jul-16,2.734,2.717,2.751,2.687,143.03K,1.18%
11-Jul-16,2.702,2.819,2.871,2.696,151.03K,-3.53%
8-Jul-16,2.801,2.758,2.825,2.748,98.79K,0.86%
7-Jul-16,2.777,2.803,2.841,2.725,138.17K,-0.32%
6-Jul-16,2.786,2.768,2.802,2.697,135.88K,0.80%
5-Jul-16,2.764,2.915,2.945,2.752,176.56K,-5.21%
4-Jul-16,2.916,2.904,2.945,2.886,-,0.45%
3-Jul-16,2.903,2.915,2.915,2.882,-,-2.81%
1-Jul-16,2.987,2.931,2.998,2.891,114.64K,2.15%
30-Jun-16,2.924,2.863,2.945,2.851,160.70K,2.13%
29-Jun-16,2.863,2.879,2.974,2.844,147.25K,-1.85%
28-Jun-16,2.917,2.726,2.934,2.721,13.04K,7.40%
27-Jun-16,2.716,2.636,2.736,2.631,45.35K,2.03%
24-Jun-16,2.662,2.703,2.703,2.625,46.17K,-1.33%
23-Jun-16,2.698,2.67,2.72,2.614,141.68K,0.78%
22-Jun-16,2.677,2.765,2.775,2.657,142.67K,-3.29%
21-Jun-16,2.768,2.743,2.786,2.71,124.58K,0.76%
20-Jun-16,2.747,2.652,2.759,2.65,158.50K,4.73%
17-Jun-16,2.623,2.584,2.656,2.554,127.81K,1.67%
16-Jun-16,2.58,2.592,2.639,2.553,149.53K,-0.58%
15-Jun-16,2.595,2.607,2.634,2.586,107.73K,-0.35%
14-Jun-16,2.604,2.576,2.621,2.535,158.70K,0.74%
13-Jun-16,2.585,2.595,2.635,2.57,163.31K,1.13%
10-Jun-16,2.556,2.593,2.609,2.551,165.07K,-2.33%
9-Jun-16,2.617,2.465,2.63,2.451,280.22K,6.04%
8-Jun-16,2.468,2.481,2.501,2.453,163.43K,-0.24%
7-Jun-16,2.474,2.444,2.491,2.408,169.66K,0.32%
6-Jun-16,2.466,2.439,2.48,2.399,150.66K,2.84%
3-Jun-16,2.398,2.404,2.454,2.387,135.94K,-0.29%
2-Jun-16,2.405,2.369,2.424,2.361,155.78K,1.01%
1-Jun-16,2.381,2.287,2.386,2.277,209.91K,4.06%
31-May-16,2.288,2.16,2.303,2.151,194.03K,5.63%
30-May-16,2.166,2.171,2.171,2.151,-,-0.23%
29-May-16,2.171,2.163,2.176,2.155,-,0.09%
27-May-16,2.169,2.145,2.191,2.101,124.44K,10.49%
26-May-16,1.963,1.972,1.985,1.909,14.25K,-1.46%
25-May-16,1.992,1.98,2.008,1.955,54.78K,0.61%
24-May-16,1.98,2.064,2.087,1.976,80.23K,-3.65%
23-May-16,2.055,2.093,2.133,2.05,106.26K,-0.34%
20-May-16,2.062,2.037,2.074,2.015,108.44K,1.13%
19-May-16,2.039,2.01,2.052,1.952,175.78K,1.90%
18-May-16,2.001,2.054,2.057,1.994,129.14K,-2.29%
17-May-16,2.048,2.037,2.083,2.03,114.93K,0.94%
16-May-16,2.029,2.08,2.087,2.023,122.63K,-3.20%
13-May-16,2.096,2.134,2.164,2.075,169.40K,-2.74%
12-May-16,2.155,2.163,2.185,2.125,144.82K,-0.83%
11-May-16,2.173,2.164,2.183,2.114,154.96K,0.70%
10-May-16,2.158,2.1,2.173,2.091,137.45K,2.86%
9-May-16,2.098,2.104,2.126,2.08,109.46K,-0.14%
6-May-16,2.101,2.084,2.109,2.045,128.48K,1.20%
5-May-16,2.076,2.143,2.179,2.068,148.47K,-3.04%
4-May-16,2.141,2.086,2.16,2.061,131.09K,2.64%
3-May-16,2.086,2.053,2.104,2.041,125.19K,2.15%
2-May-16,2.042,2.132,2.143,2.026,161.76K,-6.24%
29-Apr-16,2.178,2.06,2.195,2.042,228.08K,4.81%
28-Apr-16,2.078,2.149,2.155,2.054,181.45K,4.16%
27-Apr-16,1.995,2.035,2.064,1.95,14.22K,-1.82%
26-Apr-16,2.032,2.072,2.082,1.993,55.33K,-1.50%
25-Apr-16,2.063,2.16,2.176,2.043,66.03K,-3.60%
22-Apr-16,2.14,2.061,2.147,2.034,155.81K,3.48%
21-Apr-16,2.068,2.073,2.107,2.053,147.70K,-0.05%
20-Apr-16,2.069,2.089,2.137,2.054,189.78K,-0.91%
19-Apr-16,2.088,1.934,2.096,1.925,179.59K,7.63%
18-Apr-16,1.94,1.882,1.95,1.872,128.24K,2.00%
15-Apr-16,1.902,1.961,1.967,1.885,137.69K,-3.45%
14-Apr-16,1.97,2.045,2.048,1.957,147.14K,-3.24%
13-Apr-16,2.036,2.016,2.051,2.002,164.61K,1.60%
12-Apr-16,2.004,1.934,2.03,1.922,175.35K,4.81%
11-Apr-16,1.912,1.951,1.951,1.907,158.32K,-3.92%
8-Apr-16,1.99,2.015,2.044,1.986,163.14K,-1.39%
7-Apr-16,2.018,1.904,2.024,1.892,214.84K,5.60%
6-Apr-16,1.911,1.941,1.943,1.897,123.75K,-2.20%
5-Apr-16,1.954,2.004,2.041,1.931,136.28K,-2.20%
4-Apr-16,1.998,1.988,2.074,1.976,158.62K,2.15%
1-Apr-16,1.956,1.963,1.992,1.925,115.46K,-0.15%
31-Mar-16,1.959,1.99,2.028,1.93,184.46K,-1.85%
30-Mar-16,1.996,1.979,2.015,1.963,116.07K,4.89%
29-Mar-16,1.903,1.855,1.914,1.821,10.79K,2.98%
28-Mar-16,1.848,1.785,1.852,1.766,55.16K,2.33%
24-Mar-16,1.806,1.791,1.827,1.772,64.62K,0.67%
23-Mar-16,1.794,1.867,1.899,1.777,121.75K,-3.70%
22-Mar-16,1.863,1.813,1.87,1.796,116.29K,1.91%
21-Mar-16,1.828,1.893,1.908,1.808,139.54K,-4.14%
18-Mar-16,1.907,1.933,1.957,1.881,122.65K,-1.50%
17-Mar-16,1.936,1.869,1.952,1.83,172.24K,3.64%
16-Mar-16,1.868,1.849,1.879,1.82,112.16K,0.92%
15-Mar-16,1.851,1.832,1.898,1.808,137.27K,1.76%
14-Mar-16,1.819,1.818,1.857,1.771,111.24K,-0.16%
11-Mar-16,1.822,1.799,1.859,1.792,135.38K,1.90%
10-Mar-16,1.788,1.764,1.812,1.733,183.31K,2.05%
9-Mar-16,1.752,1.727,1.784,1.715,160.68K,2.34%
8-Mar-16,1.712,1.707,1.74,1.678,147.45K,1.30%
7-Mar-16,1.69,1.628,1.74,1.612,158.88K,1.44%
4-Mar-16,1.666,1.626,1.675,1.611,100.28K,1.65%
3-Mar-16,1.639,1.672,1.695,1.63,139.56K,-2.32%
2-Mar-16,1.678,1.741,1.746,1.657,128.73K,-3.67%
1-Mar-16,1.742,1.707,1.775,1.685,192.97K,1.81%
29-Feb-16,1.711,1.711,1.737,1.69,173.24K,-4.47%
26-Feb-16,1.791,1.786,1.805,1.731,115.55K,4.68%
25-Feb-16,1.711,1.773,1.776,1.682,11.51K,-3.77%
24-Feb-16,1.778,1.785,1.808,1.761,41.98K,-0.22%
23-Feb-16,1.782,1.832,1.848,1.773,54.65K,-2.14%
22-Feb-16,1.821,1.784,1.844,1.767,92.46K,0.94%
19-Feb-16,1.804,1.856,1.87,1.794,110.29K,-2.59%
18-Feb-16,1.852,1.948,1.954,1.849,144.73K,-4.63%
17-Feb-16,1.942,1.925,1.96,1.893,108.69K,2.05%
16-Feb-16,1.903,1.952,1.963,1.879,135.74K,-0.76%
15-Feb-16,1.918,1.936,1.962,1.911,-,-1.01%
14-Feb-16,1.937,1.934,1.952,1.926,-,-1.48%
12-Feb-16,1.966,1.994,2.025,1.951,102.01K,-1.40%
11-Feb-16,1.994,2.052,2.093,1.98,163.83K,-2.54%
10-Feb-16,2.046,2.097,2.109,2.017,147.14K,-2.48%
9-Feb-16,2.098,2.129,2.134,2.065,144.49K,-1.96%
8-Feb-16,2.14,2.106,2.172,2.105,197.08K,3.73%
5-Feb-16,2.063,1.981,2.076,1.981,165.22K,4.61%
4-Feb-16,1.972,2.042,2.048,1.954,153.16K,-3.24%
3-Feb-16,2.038,2.036,2.065,1.992,124.47K,0.64%
2-Feb-16,2.025,2.136,2.14,1.976,215.72K,-5.90%
1-Feb-16,2.152,2.213,2.228,2.127,174.77K,-6.35%
29-Jan-16,2.298,2.224,2.315,2.218,181.50K,5.32%
28-Jan-16,2.182,2.145,2.231,2.088,183.96K,-0.32%
27-Jan-16,2.189,2.177,2.241,2.161,11.48K,0.41%
26-Jan-16,2.18,2.144,2.219,2.128,47.01K,1.02%
25-Jan-16,2.158,2.156,2.175,2.081,59.78K,0.89%
22-Jan-16,2.139,2.149,2.168,2.112,92.56K,0.05%
21-Jan-16,2.138,2.135,2.189,2.08,161.15K,0.94%
20-Jan-16,2.118,2.091,2.149,2.067,106.10K,1.29%
19-Jan-16,2.091,2.055,2.17,2.044,133.09K,-0.64%
18-Jan-16,2.105,2.052,2.133,2.045,-,2.58%
17-Jan-16,2.052,2.092,2.092,2.046,-,-2.31%
15-Jan-16,2.1,2.144,2.153,2.086,103.82K,-1.82%
14-Jan-16,2.139,2.274,2.294,2.126,156.66K,-5.73%
13-Jan-16,2.269,2.263,2.323,2.256,137.81K,0.53%
12-Jan-16,2.257,2.362,2.366,2.241,157.60K,-5.80%
11-Jan-16,2.396,2.446,2.48,2.355,146.84K,-3.07%
8-Jan-16,2.472,2.397,2.495,2.377,163.91K,3.78%
7-Jan-16,2.382,2.29,2.429,2.271,214.46K,5.07%
6-Jan-16,2.267,2.345,2.36,2.241,166.28K,-2.49%
5-Jan-16,2.325,2.29,2.346,2.255,123.92K,-0.39%
4-Jan-16,2.334,2.366,2.375,2.239,135.24K,-0.13%
31-Dec-15,2.337,2.273,2.378,2.27,144.67K,5.56%
30-Dec-15,2.214,2.322,2.335,2.188,134.93K,-6.66%
29-Dec-15,2.372,2.238,2.387,2.235,12.46K,6.46%
28-Dec-15,2.228,2.082,2.248,2.067,65.77K,9.81%
24-Dec-15,2.029,1.994,2.052,1.977,47.51K,2.32%
23-Dec-15,1.983,1.912,2.009,1.871,102.22K,5.03%
22-Dec-15,1.888,1.929,1.939,1.863,112.28K,-1.20%
21-Dec-15,1.911,1.836,1.948,1.787,182.62K,8.15%
18-Dec-15,1.767,1.738,1.805,1.684,150.92K,0.68%
17-Dec-15,1.755,1.825,1.854,1.734,213.11K,-1.96%
16-Dec-15,1.79,1.804,1.849,1.775,157.97K,-1.76%
15-Dec-15,1.822,1.9,1.905,1.795,171.96K,-3.80%
14-Dec-15,1.894,1.913,1.923,1.862,140.55K,-4.82%
11-Dec-15,1.99,2.003,2.011,1.959,168.11K,-1.24%
10-Dec-15,2.015,2.065,2.099,1.999,186.40K,-2.28%
9-Dec-15,2.062,2.08,2.118,2.048,153.58K,-0.39%
8-Dec-15,2.07,2.068,2.093,2.014,172.50K,0.15%
7-Dec-15,2.067,2.159,2.162,2.06,188.74K,-5.44%
4-Dec-15,2.186,2.198,2.211,2.167,85.24K,0.23%
3-Dec-15,2.181,2.174,2.2,2.131,143.07K,0.74%
2-Dec-15,2.165,2.221,2.225,2.151,133.51K,-2.96%
1-Dec-15,2.231,2.23,2.259,2.193,140.27K,-0.18%
30-Nov-15,2.235,2.175,2.25,2.175,93.35K,1.04%
27-Nov-15,2.212,2.289,2.305,2.205,68.46K,-1.38%
26-Nov-15,2.243,2.301,2.302,2.237,-,1.68%
25-Nov-15,2.206,2.196,2.235,2.133,10.36K,0.27%
24-Nov-15,2.2,2.206,2.218,2.13,57.91K,-0.45%
23-Nov-15,2.21,2.111,2.226,2.051,83.26K,3.03%
20-Nov-15,2.145,2.26,2.275,2.123,136.87K,-5.76%
19-Nov-15,2.276,2.328,2.376,2.255,146.82K,-3.03%
18-Nov-15,2.347,2.368,2.41,2.328,104.25K,-1.01%
17-Nov-15,2.371,2.333,2.396,2.285,125.02K,-0.59%
16-Nov-15,2.385,2.449,2.46,2.33,157.36K,1.02%
13-Nov-15,2.361,2.285,2.391,2.284,167.72K,4.47%
12-Nov-15,2.26,2.265,2.313,2.234,151.54K,-0.13%
11-Nov-15,2.263,2.332,2.35,2.249,162.91K,-2.46%
10-Nov-15,2.32,2.305,2.364,2.292,149.63K,0.87%
9-Nov-15,2.3,2.373,2.387,2.274,151.38K,-2.99%
6-Nov-15,2.371,2.364,2.398,2.317,182.94K,0.30%
5-Nov-15,2.364,2.266,2.383,2.249,174.27K,4.51%
4-Nov-15,2.262,2.276,2.317,2.255,124.18K,0.40%
3-Nov-15,2.253,2.254,2.293,2.236,128.36K,-0.13%
2-Nov-15,2.256,2.268,2.278,2.231,122.90K,-2.80%
30-Oct-15,2.321,2.248,2.336,2.188,186.38K,2.84%
29-Oct-15,2.257,2.301,2.372,2.235,154.66K,11.02%
28-Oct-15,2.033,2.096,2.104,2.006,12.82K,-2.82%
27-Oct-15,2.092,2.074,2.115,1.948,76.12K,1.45%
26-Oct-15,2.062,2.221,2.238,2.05,133.21K,-9.80%
23-Oct-15,2.286,2.372,2.374,2.275,107.55K,-4.19%
22-Oct-15,2.386,2.398,2.435,2.356,138.91K,-0.75%
21-Oct-15,2.404,2.493,2.493,2.379,156.83K,-2.91%
20-Oct-15,2.476,2.453,2.499,2.444,147.32K,1.39%
19-Oct-15,2.442,2.464,2.481,2.435,95.86K,0.49%
16-Oct-15,2.43,2.453,2.466,2.41,119.25K,-0.94%
15-Oct-15,2.453,2.538,2.578,2.449,179.40K,-2.58%
14-Oct-15,2.518,2.499,2.539,2.472,146.83K,0.80%
13-Oct-15,2.498,2.544,2.555,2.487,149.91K,-1.46%
12-Oct-15,2.535,2.52,2.559,2.51,134.73K,1.32%
9-Oct-15,2.502,2.488,2.523,2.469,134.03K,0.16%
8-Oct-15,2.498,2.474,2.53,2.452,176.17K,0.97%
7-Oct-15,2.474,2.476,2.531,2.455,163.42K,0.16%
6-Oct-15,2.47,2.459,2.489,2.436,140.22K,0.82%
5-Oct-15,2.45,2.451,2.491,2.429,103.99K,-0.04%
2-Oct-15,2.451,2.429,2.471,2.403,113.07K,0.74%
1-Oct-15,2.433,2.522,2.541,2.42,165.22K,-3.61%
30-Sep-15,2.524,2.585,2.611,2.511,131.36K,-2.40%
29-Sep-15,2.586,2.669,2.673,2.581,115.76K,0.90%
28-Sep-15,2.563,2.608,2.64,2.549,11.24K,-0.04%
25-Sep-15,2.564,2.586,2.607,2.529,63.29K,-1.04%
24-Sep-15,2.591,2.568,2.594,2.521,73.24K,0.86%
23-Sep-15,2.569,2.576,2.604,2.558,102.00K,-0.31%
22-Sep-15,2.577,2.576,2.598,2.562,99.09K,0.16%
21-Sep-15,2.573,2.585,2.596,2.55,95.59K,-1.23%
18-Sep-15,2.605,2.644,2.665,2.602,84.02K,-1.77%
17-Sep-15,2.652,2.668,2.679,2.603,103.12K,-0.30%
16-Sep-15,2.66,2.734,2.736,2.657,134.43K,-2.49%
15-Sep-15,2.728,2.768,2.794,2.721,99.55K,-1.09%
14-Sep-15,2.758,2.702,2.775,2.692,147.62K,2.41%
11-Sep-15,2.693,2.677,2.717,2.66,104.41K,0.37%
10-Sep-15,2.683,2.661,2.733,2.656,184.22K,1.21%
9-Sep-15,2.651,2.693,2.707,2.641,129.97K,-2.18%
8-Sep-15,2.71,2.651,2.722,2.641,142.15K,1.90%
7-Sep-15,2.659,2.656,2.702,2.651,-,0.13%
6-Sep-15,2.656,2.644,2.657,2.644,-,0.04%
4-Sep-15,2.655,2.71,2.717,2.648,105.08K,-2.57%
3-Sep-15,2.725,2.638,2.735,2.633,157.04K,2.91%
2-Sep-15,2.648,2.689,2.699,2.632,81.04K,-2.00%
1-Sep-15,2.702,2.686,2.721,2.67,94.14K,0.48%
31-Aug-15,2.689,2.681,2.692,2.643,87.74K,-0.96%
28-Aug-15,2.715,2.677,2.725,2.664,80.83K,2.92%
27-Aug-15,2.638,2.681,2.696,2.629,9.81K,-2.04%
26-Aug-15,2.693,2.694,2.714,2.668,33.49K,0.30%
25-Aug-15,2.685,2.671,2.703,2.652,46.66K,1.32%
24-Aug-15,2.65,2.654,2.696,2.624,105.38K,-0.97%
21-Aug-15,2.676,2.753,2.76,2.67,114.84K,-2.87%
20-Aug-15,2.755,2.709,2.788,2.694,142.29K,1.44%
19-Aug-15,2.716,2.715,2.739,2.694,85.96K,0.44%
18-Aug-15,2.704,2.73,2.735,2.68,105.54K,-0.88%
17-Aug-15,2.728,2.774,2.788,2.718,120.55K,-2.61%
14-Aug-15,2.801,2.809,2.836,2.781,97.80K,0.50%
13-Aug-15,2.787,2.921,2.931,2.784,246.31K,-4.91%
12-Aug-15,2.931,2.858,2.934,2.852,197.56K,3.06%
11-Aug-15,2.844,2.835,2.861,2.796,143.15K,0.07%
10-Aug-15,2.842,2.835,2.852,2.818,132.72K,1.57%
7-Aug-15,2.798,2.805,2.824,2.761,155.08K,-0.53%
6-Aug-15,2.813,2.782,2.838,2.726,190.87K,0.54%
5-Aug-15,2.798,2.811,2.863,2.78,170.37K,-0.50%
4-Aug-15,2.812,2.757,2.821,2.752,140.06K,2.33%
3-Aug-15,2.748,2.725,2.785,2.707,130.21K,1.18%
31-Jul-15,2.716,2.782,2.788,2.706,117.37K,-1.88%
30-Jul-15,2.768,2.858,2.895,2.762,146.55K,-4.09%
29-Jul-15,2.886,2.841,2.895,2.831,10.82K,2.30%
28-Jul-15,2.821,2.796,2.852,2.777,52.15K,1.15%
27-Jul-15,2.789,2.745,2.82,2.735,44.02K,0.47%
24-Jul-15,2.776,2.807,2.815,2.773,62.91K,-1.42%
23-Jul-15,2.816,2.894,2.951,2.804,181.46K,-2.80%
22-Jul-15,2.897,2.89,2.915,2.841,108.39K,0.52%
21-Jul-15,2.882,2.84,2.894,2.822,94.01K,2.09%
20-Jul-15,2.823,2.843,2.874,2.785,141.07K,-1.64%
17-Jul-15,2.87,2.863,2.897,2.826,91.16K,0.56%
16-Jul-15,2.854,2.914,2.93,2.842,146.19K,-2.19%
15-Jul-15,2.918,2.845,2.929,2.832,147.62K,2.75%
14-Jul-15,2.84,2.868,2.934,2.822,151.86K,-0.84%
13-Jul-15,2.864,2.816,2.883,2.787,183.79K,3.39%
10-Jul-15,2.77,2.732,2.807,2.723,125.44K,1.61%
9-Jul-15,2.726,2.687,2.738,2.644,133.12K,1.53%
8-Jul-15,2.685,2.729,2.756,2.676,123.56K,-1.14%
7-Jul-15,2.716,2.758,2.8,2.688,128.81K,-1.45%
6-Jul-15,2.756,2.836,2.857,2.731,134.80K,-0.72%
3-Jul-15,2.776,2.839,2.855,2.763,-,-1.63%
2-Jul-15,2.822,2.798,2.885,2.795,156.31K,1.40%
1-Jul-15,2.783,2.816,2.856,2.761,124.69K,-1.73%
30-Jun-15,2.832,2.806,2.837,2.752,115.06K,0.96%
29-Jun-15,2.805,2.755,2.844,2.735,123.71K,1.15%
26-Jun-15,2.773,2.843,2.846,2.743,-,-2.70%
25-Jun-15,2.85,2.769,2.854,2.752,60.08K,3.30%
24-Jun-15,2.759,2.726,2.779,2.711,39.84K,1.21%
23-Jun-15,2.726,2.738,2.792,2.712,105.58K,-0.26%
22-Jun-15,2.733,2.749,2.753,2.715,117.99K,-2.95%
19-Jun-15,2.816,2.784,2.837,2.739,117.27K,1.40%
18-Jun-15,2.777,2.85,2.882,2.772,149.24K,-2.73%
17-Jun-15,2.855,2.903,2.955,2.839,166.03K,-1.35%
16-Jun-15,2.894,2.907,2.929,2.831,157.27K,0.17%
15-Jun-15,2.889,2.769,2.919,2.764,169.33K,5.05%
12-Jun-15,2.75,2.818,2.826,2.744,144.90K,-2.65%
11-Jun-15,2.825,2.906,2.919,2.814,188.96K,-2.28%
10-Jun-15,2.891,2.833,2.922,2.825,225.85K,1.58%
9-Jun-15,2.846,2.704,2.85,2.696,246.12K,5.21%
8-Jun-15,2.705,2.64,2.712,2.624,170.73K,4.44%
5-Jun-15,2.59,2.628,2.646,2.581,131.56K,-1.37%
4-Jun-15,2.626,2.639,2.675,2.556,166.24K,-0.30%
3-Jun-15,2.634,2.703,2.724,2.625,128.12K,-2.37%
2-Jun-15,2.698,2.652,2.723,2.599,145.37K,1.85%
1-Jun-15,2.649,2.615,2.672,2.603,125.93K,0.26%
29-May-15,2.642,2.716,2.722,2.633,126.73K,-2.37%
28-May-15,2.706,2.837,2.845,2.7,167.79K,-3.87%
27-May-15,2.815,2.827,2.887,2.797,11.49K,-0.25%
26-May-15,2.822,2.878,2.879,2.788,59.02K,-1.78%
25-May-15,2.873,2.871,2.888,2.869,-,0.05%
24-May-15,2.872,2.908,2.908,2.869,-,-0.54%
22-May-15,2.887,2.962,2.97,2.881,65.66K,-2.10%
21-May-15,2.949,2.939,3.038,2.92,146.21K,1.17%
20-May-15,2.915,2.961,3.021,2.902,113.97K,-1.12%
19-May-15,2.948,3.02,3.105,2.938,194.67K,-2.06%
18-May-15,3.01,2.983,3.048,2.978,95.16K,-0.20%
15-May-15,3.016,3.017,3.036,2.971,96.22K,0.27%
14-May-15,3.008,2.94,3.02,2.888,184.91K,2.49%
13-May-15,2.935,2.896,2.972,2.856,142.74K,1.31%
12-May-15,2.897,2.818,2.931,2.785,153.77K,3.39%
11-May-15,2.802,2.914,2.935,2.796,124.58K,-2.71%
8-May-15,2.88,2.735,2.888,2.725,201.29K,5.34%
7-May-15,2.734,2.772,2.821,2.711,149.38K,-1.51%
6-May-15,2.776,2.791,2.822,2.747,111.31K,-0.14%
5-May-15,2.78,2.808,2.821,2.766,83.53K,-1.45%
4-May-15,2.821,2.738,2.824,2.738,86.81K,1.62%
1-May-15,2.776,2.737,2.8,2.714,118.89K,0.91%
30-Apr-15,2.751,2.59,2.77,2.557,228.13K,5.56%
29-Apr-15,2.606,2.531,2.612,2.511,108.18K,3.54%
28-Apr-15,2.517,2.482,2.527,2.468,11.83K,1.08%
27-Apr-15,2.49,2.472,2.494,2.443,69.05K,-1.62%
24-Apr-15,2.531,2.546,2.561,2.518,39.87K,0.00%
23-Apr-15,2.531,2.602,2.605,2.52,133.45K,-2.88%
22-Apr-15,2.606,2.571,2.622,2.554,83.37K,1.20%
21-Apr-15,2.575,2.549,2.597,2.533,103.65K,1.54%
20-Apr-15,2.536,2.592,2.596,2.534,118.34K,-3.72%
17-Apr-15,2.634,2.682,2.693,2.625,86.59K,-1.86%
16-Apr-15,2.684,2.598,2.69,2.545,186.38K,2.84%
15-Apr-15,2.61,2.526,2.625,2.491,136.77K,3.16%
14-Apr-15,2.53,2.507,2.552,2.502,145.59K,0.76%
13-Apr-15,2.511,2.487,2.543,2.475,150.88K,0.00%
10-Apr-15,2.511,2.539,2.551,2.504,120.05K,-0.67%
9-Apr-15,2.528,2.624,2.646,2.522,171.40K,-3.47%
8-Apr-15,2.619,2.666,2.669,2.611,131.93K,-2.28%
7-Apr-15,2.68,2.655,2.709,2.647,105.70K,1.13%
6-Apr-15,2.65,2.681,2.698,2.633,70.63K,-2.32%
3-Apr-15,2.713,2.713,2.713,2.713,-,0.00%
2-Apr-15,2.713,2.601,2.719,2.591,138.65K,4.15%
1-Apr-15,2.605,2.637,2.67,2.583,99.02K,-1.33%
31-Mar-15,2.64,2.64,2.686,2.622,76.71K,-0.15%
30-Mar-15,2.644,2.624,2.673,2.608,77.70K,2.08%
27-Mar-15,2.59,2.666,2.675,2.578,13.46K,-3.07%
26-Mar-15,2.672,2.733,2.756,2.649,49.63K,-1.87%
25-Mar-15,2.723,2.784,2.793,2.712,54.87K,-2.26%
24-Mar-15,2.786,2.751,2.81,2.735,87.79K,1.94%
23-Mar-15,2.733,2.741,2.756,2.691,111.02K,-1.90%
20-Mar-15,2.786,2.831,2.919,2.762,145.54K,-0.96%
19-Mar-15,2.813,2.909,2.928,2.776,141.09K,-3.66%
18-Mar-15,2.92,2.854,2.935,2.775,153.51K,2.28%
17-Mar-15,2.855,2.742,2.858,2.74,159.24K,5.12%
16-Mar-15,2.716,2.705,2.748,2.68,82.67K,-0.40%
13-Mar-15,2.727,2.749,2.759,2.674,95.87K,-0.26%
12-Mar-15,2.734,2.828,2.864,2.725,155.48K,-3.19%
11-Mar-15,2.824,2.716,2.848,2.662,149.11K,3.37%
10-Mar-15,2.732,2.693,2.741,2.683,87.60K,2.02%
9-Mar-15,2.678,2.775,2.778,2.668,160.37K,-5.67%
6-Mar-15,2.839,2.828,2.87,2.783,118.19K,-0.07%
5-Mar-15,2.841,2.777,2.864,2.743,158.57K,2.60%
4-Mar-15,2.769,2.713,2.783,2.712,100.32K,2.10%
3-Mar-15,2.712,2.658,2.734,2.641,90.00K,0.52%
2-Mar-15,2.698,2.691,2.753,2.65,93.38K,-1.32%
27-Feb-15,2.734,2.707,2.745,2.684,98.79K,1.37%
26-Feb-15,2.697,2.875,2.888,2.689,161.32K,-6.81%
25-Feb-15,2.894,2.922,2.966,2.852,12.47K,-0.28%
24-Feb-15,2.902,2.869,2.972,2.827,79.66K,0.80%
23-Feb-15,2.879,2.963,3.039,2.845,64.99K,-2.44%
20-Feb-15,2.951,2.815,2.984,2.801,121.86K,4.13%
19-Feb-15,2.834,2.825,2.885,2.772,146.52K,0.11%
18-Feb-15,2.831,2.78,2.841,2.732,118.99K,2.61%
17-Feb-15,2.759,2.818,2.896,2.697,169.19K,-3.11%
16-Feb-15,2.848,2.827,2.895,2.812,-,0.71%
15-Feb-15,2.828,2.819,2.838,2.788,-,0.84%
13-Feb-15,2.804,2.715,2.811,2.656,141.01K,3.35%
12-Feb-15,2.713,2.835,2.883,2.679,228.32K,-3.00%
11-Feb-15,2.797,2.693,2.857,2.685,211.50K,4.48%
10-Feb-15,2.677,2.62,2.746,2.609,185.72K,3.08%
9-Feb-15,2.597,2.659,2.688,2.571,151.19K,0.70%
6-Feb-15,2.579,2.594,2.632,2.567,132.15K,-0.81%
5-Feb-15,2.6,2.661,2.698,2.578,131.28K,-2.33%
4-Feb-15,2.662,2.766,2.779,2.649,109.56K,-3.34%
3-Feb-15,2.754,2.692,2.783,2.65,122.98K,2.76%
2-Feb-15,2.68,2.664,2.707,2.608,101.83K,-0.41%
30-Jan-15,2.691,2.732,2.733,2.637,110.32K,-1.03%
29-Jan-15,2.719,2.852,2.924,2.672,171.78K,-5.13%
28-Jan-15,2.866,2.917,2.93,2.828,13.55K,-3.86%
27-Jan-15,2.981,2.895,3.005,2.888,55.62K,3.47%
26-Jan-15,2.881,2.897,2.955,2.841,62.58K,-3.52%
23-Jan-15,2.986,2.858,2.994,2.855,99.07K,5.33%
22-Jan-15,2.835,3,3.048,2.766,169.45K,-4.67%
21-Jan-15,2.974,2.892,3.015,2.867,163.87K,5.05%
20-Jan-15,2.831,3.045,3.045,2.821,169.83K,-4.70%
19-Jan-15,2.97,2.992,3.04,2.953,-,-0.65%
18-Jan-15,2.99,3.036,3.043,2.978,-,-4.38%
16-Jan-15,3.127,3.191,3.228,3.024,152.32K,-0.98%
15-Jan-15,3.158,3.301,3.352,3.057,219.15K,-2.32%
14-Jan-15,3.233,2.954,3.337,2.932,233.23K,9.85%
13-Jan-15,2.943,2.815,2.971,2.795,137.91K,5.30%
12-Jan-15,2.795,2.917,2.934,2.783,130.40K,-5.13%
9-Jan-15,2.946,2.959,2.99,2.888,107.33K,0.65%
8-Jan-15,2.927,2.877,2.968,2.816,147.80K,1.95%
7-Jan-15,2.871,2.949,3.012,2.825,134.83K,-2.28%
6-Jan-15,2.938,2.921,2.955,2.811,111.34K,1.94%
5-Jan-15,2.882,3.076,3.176,2.875,141.78K,-4.03%
2-Jan-15,3.003,2.845,3.096,2.805,109.12K,5.70%
1-Jan-15,2.841,2.916,2.916,2.825,-,-1.66%
31-Dec-14,2.889,3.095,3.13,2.882,115.58K,-6.63%
30-Dec-14,3.094,3.168,3.178,3.079,69.72K,-2.98%
29-Dec-14,3.189,3.053,3.207,3.018,13.60K,6.05%
26-Dec-14,3.007,3.067,3.098,2.973,37.87K,-2.76%
25-Dec-14,3.092,3.033,3.093,3.033,-,2.06%
24-Dec-14,3.03,3.17,3.19,3,50.88K,-4.45%
23-Dec-14,3.171,3.171,3.234,3.098,90.10K,0.86%
22-Dec-14,3.144,3.35,3.351,3.12,154.68K,-9.24%
19-Dec-14,3.464,3.661,3.677,3.444,120.01K,-4.89%
18-Dec-14,3.642,3.701,3.805,3.636,132.94K,-1.62%
17-Dec-14,3.702,3.621,3.724,3.614,89.06K,2.29%
16-Dec-14,3.619,3.736,3.789,3.605,108.39K,-2.69%
15-Dec-14,3.719,3.93,3.936,3.699,134.65K,-2.00%
12-Dec-14,3.795,3.648,3.826,3.644,124.56K,4.43%
11-Dec-14,3.634,3.716,3.778,3.614,168.06K,-1.94%
10-Dec-14,3.706,3.65,3.743,3.606,141.14K,1.48%
9-Dec-14,3.652,3.62,3.709,3.608,146.87K,1.59%
8-Dec-14,3.595,3.777,3.785,3.585,159.08K,-5.44%
5-Dec-14,3.802,3.676,3.824,3.664,162.63K,4.19%
4-Dec-14,3.649,3.787,3.808,3.638,143.65K,-4.10%
3-Dec-14,3.805,3.863,3.866,3.757,131.45K,-1.78%
2-Dec-14,3.874,4.023,4.026,3.856,144.38K,-3.32%
1-Dec-14,4.007,3.975,4.041,3.928,181.56K,-1.98%
28-Nov-14,4.088,4.341,4.367,4.075,94.59K,-2.48%
27-Nov-14,4.192,4.353,4.366,4.188,-,-3.74%
26-Nov-14,4.355,4.438,4.529,4.33,131.62K,1.70%
25-Nov-14,4.282,4.154,4.319,4.098,14.64K,3.16%
24-Nov-14,4.151,4.047,4.158,4.006,77.92K,-2.70%
21-Nov-14,4.266,4.46,4.532,4.233,98.33K,-4.97%
20-Nov-14,4.489,4.408,4.503,4.25,220.24K,2.70%
19-Nov-14,4.371,4.266,4.508,4.194,190.23K,2.99%
18-Nov-14,4.244,4.303,4.336,4.149,211.10K,-2.23%
17-Nov-14,4.341,4.148,4.347,4.113,164.39K,7.99%
14-Nov-14,4.02,3.978,4.074,3.931,153.09K,1.08%
13-Nov-14,3.977,4.155,4.175,3.962,169.77K,-4.97%
12-Nov-14,4.185,4.218,4.227,4.143,140.52K,-1.46%
11-Nov-14,4.247,4.266,4.311,4.121,173.54K,-0.19%
10-Nov-14,4.255,4.509,4.544,4.246,176.12K,-3.56%
7-Nov-14,4.412,4.429,4.494,4.282,219.41K,0.18%
6-Nov-14,4.404,4.209,4.457,4.111,252.18K,5.01%
5-Nov-14,4.194,4.144,4.315,4.132,178.92K,1.57%
4-Nov-14,4.129,4.041,4.179,4.029,188.24K,2.05%
3-Nov-14,4.046,4.007,4.065,3.989,155.26K,4.47%
31-Oct-14,3.873,3.858,3.955,3.835,153.51K,1.20%
30-Oct-14,3.827,3.793,3.873,3.768,101.28K,2.66%
29-Oct-14,3.728,3.658,3.765,3.616,12.88K,2.16%
28-Oct-14,3.649,3.572,3.677,3.541,59.57K,2.47%
27-Oct-14,3.561,3.62,3.644,3.547,50.69K,-1.71%
24-Oct-14,3.623,3.653,3.654,3.558,79.06K,0.03%
23-Oct-14,3.622,3.662,3.683,3.59,135.30K,-1.01%
22-Oct-14,3.659,3.7,3.718,3.651,79.90K,-1.40%
21-Oct-14,3.711,3.652,3.716,3.631,96.00K,1.12%
20-Oct-14,3.67,3.721,3.745,3.662,87.72K,-2.55%
17-Oct-14,3.766,3.817,3.817,3.715,89.23K,-0.79%
16-Oct-14,3.796,3.811,3.834,3.744,106.14K,-0.11%
15-Oct-14,3.8,3.836,3.857,3.764,101.22K,-0.42%
14-Oct-14,3.816,3.922,3.955,3.806,123.22K,-2.55%
13-Oct-14,3.916,3.836,3.927,3.82,113.23K,1.48%
10-Oct-14,3.859,3.857,3.888,3.833,87.70K,0.36%
9-Oct-14,3.845,3.861,3.941,3.815,170.17K,-0.26%
8-Oct-14,3.855,3.939,3.947,3.837,142.58K,-2.58%
7-Oct-14,3.957,3.914,3.968,3.866,141.15K,1.51%
6-Oct-14,3.898,4,4,3.887,103.48K,-3.49%
3-Oct-14,4.039,3.96,4.047,3.945,96.96K,2.72%
2-Oct-14,3.932,4.032,4.059,3.908,140.32K,-2.26%
1-Oct-14,4.023,4.13,4.184,4.017,112.37K,-2.38%
30-Sep-14,4.121,4.134,4.178,4.098,125.73K,-0.79%
29-Sep-14,4.154,4.032,4.162,4.011,129.26K,4.27%
26-Sep-14,3.984,3.963,3.996,3.919,9.98K,0.33%
25-Sep-14,3.971,3.895,3.974,3.823,80.68K,1.53%
24-Sep-14,3.911,3.833,3.922,3.796,52.71K,2.49%
23-Sep-14,3.816,3.852,3.903,3.813,76.26K,-0.88%
22-Sep-14,3.85,3.84,3.878,3.804,89.39K,0.34%
19-Sep-14,3.837,3.908,3.922,3.834,84.73K,-1.87%
18-Sep-14,3.91,4.009,4.027,3.897,127.10K,-2.57%
17-Sep-14,4.013,3.991,4.04,3.96,105.99K,0.45%
16-Sep-14,3.995,3.932,3.999,3.863,114.57K,1.63%
15-Sep-14,3.931,3.841,3.952,3.839,136.72K,1.92%
12-Sep-14,3.857,3.844,3.859,3.786,106.44K,0.89%
11-Sep-14,3.823,3.954,3.963,3.809,149.89K,-3.31%
10-Sep-14,3.954,3.978,3.994,3.937,77.07K,-0.75%
9-Sep-14,3.984,3.887,4.016,3.853,175.06K,2.79%
8-Sep-14,3.876,3.783,3.898,3.761,104.50K,2.19%
5-Sep-14,3.793,3.838,3.848,3.781,72.55K,-0.68%
4-Sep-14,3.819,3.853,3.879,3.789,125.45K,-0.73%
3-Sep-14,3.847,3.891,3.917,3.829,109.71K,-1.11%
2-Sep-14,3.89,4.048,4.078,3.885,143.80K,-4.05%
1-Sep-14,4.054,4.05,4.073,4.024,-,-0.27%
29-Aug-14,4.065,4.056,4.085,4.012,72.91K,0.52%
28-Aug-14,4.044,4.009,4.101,3.973,130.27K,2.20%
27-Aug-14,3.957,3.934,3.996,3.897,11.54K,1.18%
26-Aug-14,3.911,3.936,3.978,3.899,41.26K,-0.66%
25-Aug-14,3.937,3.869,3.944,3.843,51.21K,2.53%
22-Aug-14,3.84,3.88,3.893,3.828,54.54K,-1.26%
21-Aug-14,3.889,3.831,3.955,3.786,121.32K,1.73%
20-Aug-14,3.823,3.87,3.888,3.792,94.97K,-1.39%
19-Aug-14,3.877,3.79,3.915,3.78,98.69K,2.24%
18-Aug-14,3.792,3.746,3.825,3.727,90.65K,0.42%
15-Aug-14,3.776,3.885,3.906,3.763,99.79K,-3.33%
14-Aug-14,3.906,3.813,3.947,3.799,150.08K,1.96%
13-Aug-14,3.831,3.979,3.986,3.812,153.54K,-3.60%
12-Aug-14,3.974,3.991,4.02,3.954,98.80K,0.23%
11-Aug-14,3.965,3.988,4.012,3.922,116.80K,0.08%
8-Aug-14,3.962,3.877,3.975,3.872,117.92K,2.22%
7-Aug-14,3.876,3.946,3.981,3.858,155.89K,-1.45%
6-Aug-14,3.933,3.897,3.95,3.876,78.03K,0.92%
5-Aug-14,3.897,3.841,3.915,3.826,81.11K,1.64%
4-Aug-14,3.834,3.786,3.853,3.761,65.39K,0.95%
1-Aug-14,3.798,3.829,3.877,3.781,89.63K,-1.12%
31-Jul-14,3.841,3.787,3.89,3.76,131.86K,1.45%
30-Jul-14,3.786,3.821,3.83,3.749,67.34K,-0.58%
29-Jul-14,3.808,3.737,3.834,3.723,12.01K,1.63%
28-Jul-14,3.747,3.736,3.85,3.728,52.29K,-0.90%
25-Jul-14,3.781,3.842,3.862,3.764,34.66K,-1.72%
24-Jul-14,3.847,3.767,3.886,3.744,91.78K,2.26%
23-Jul-14,3.762,3.758,3.817,3.752,58.12K,-0.27%
22-Jul-14,3.772,3.853,3.866,3.756,86.61K,-2.00%
21-Jul-14,3.849,3.883,3.893,3.827,96.11K,-2.58%
18-Jul-14,3.951,3.962,3.976,3.934,56.03K,-0.08%
17-Jul-14,3.954,4.109,4.11,3.936,150.97K,-4.01%
16-Jul-14,4.119,4.087,4.146,4.084,58.85K,0.54%
15-Jul-14,4.097,4.157,4.158,4.081,81.09K,-1.21%
14-Jul-14,4.147,4.145,4.173,4.092,91.73K,0.02%
11-Jul-14,4.146,4.126,4.159,4.106,62.70K,0.63%
10-Jul-14,4.12,4.173,4.193,4.108,116.15K,-1.20%
9-Jul-14,4.17,4.205,4.23,4.163,89.08K,-0.81%
8-Jul-14,4.204,4.228,4.238,4.129,127.05K,-0.50%
7-Jul-14,4.225,4.398,4.356,4.2,112.62K,-3.30%
4-Jul-14,4.369,4.393,4.394,4.343,-,-0.84%
3-Jul-14,4.406,4.358,4.411,4.329,92.67K,1.12%
2-Jul-14,4.357,4.444,4.459,4.338,93.03K,-2.20%
1-Jul-14,4.455,4.447,4.488,4.403,63.69K,-0.13%
30-Jun-14,4.461,4.419,4.493,4.378,87.44K,1.18%
27-Jun-14,4.409,4.444,4.466,4.375,76.33K,0.20%
26-Jun-14,4.4,4.557,4.597,4.35,11.47K,-3.36%
25-Jun-14,4.553,4.525,4.587,4.517,40.58K,0.40%
24-Jun-14,4.535,4.437,4.556,4.431,57.87K,2.00%
23-Jun-14,4.446,4.522,4.577,4.436,67.38K,-1.88%
20-Jun-14,4.531,4.572,4.614,4.516,76.73K,-1.16%
19-Jun-14,4.584,4.65,4.7,4.559,155.81K,-1.61%
18-Jun-14,4.659,4.704,4.773,4.646,84.96K,-1.06%
17-Jun-14,4.709,4.707,4.739,4.672,77.37K,0.04%
16-Jun-14,4.707,4.757,4.886,4.669,113.45K,-0.68%
13-Jun-14,4.739,4.754,4.793,4.716,111.22K,-0.48%
12-Jun-14,4.762,4.526,4.769,4.52,229.86K,5.63%
11-Jun-14,4.508,4.535,4.573,4.504,112.26K,-0.49%
10-Jun-14,4.53,4.63,4.636,4.52,151.78K,-2.48%
9-Jun-14,4.645,4.714,4.743,4.63,131.65K,-1.38%
6-Jun-14,4.71,4.701,4.736,4.679,109.21K,0.19%
5-Jun-14,4.701,4.64,4.723,4.586,153.43K,1.31%
4-Jun-14,4.64,4.615,4.653,4.576,74.95K,0.24%
3-Jun-14,4.629,4.617,4.662,4.593,81.59K,0.37%
2-Jun-14,4.612,4.551,4.62,4.522,83.38K,1.54%
30-May-14,4.542,4.582,4.592,4.489,101.47K,-0.37%
29-May-14,4.559,4.608,4.665,4.529,136.18K,-1.30%
28-May-14,4.619,4.496,4.635,4.482,11.55K,2.53%
27-May-14,4.505,4.406,4.512,4.36,50.75K,2.51%
26-May-14,4.394,4.398,4.406,4.39,-,-0.24%
23-May-14,4.405,4.374,4.411,4.358,38.69K,1.06%
22-May-14,4.359,4.489,4.515,4.349,114.37K,-2.55%
21-May-14,4.473,4.536,4.575,4.466,88.11K,-1.74%
20-May-14,4.552,4.474,4.57,4.43,103.25K,1.83%
19-May-14,4.47,4.414,4.523,4.39,78.21K,1.29%
16-May-14,4.413,4.449,4.458,4.407,55.34K,-1.25%
15-May-14,4.469,4.384,4.509,4.289,126.59K,2.34%
14-May-14,4.367,4.372,4.403,4.339,73.56K,0.21%
13-May-14,4.358,4.407,4.469,4.347,124.37K,-1.71%
12-May-14,4.434,4.535,4.549,4.396,109.25K,-2.14%
9-May-14,4.531,4.586,4.598,4.498,97.29K,-0.90%
8-May-14,4.572,4.75,4.754,4.56,158.08K,-3.54%
7-May-14,4.74,4.786,4.827,4.706,100.37K,-1.23%
6-May-14,4.799,4.702,4.806,4.692,98.74K,2.37%
5-May-14,4.688,4.775,4.775,4.651,61.24K,0.30%
2-May-14,4.674,4.73,4.765,4.672,62.42K,-0.95%
1-May-14,4.719,4.797,4.823,4.707,101.31K,-1.99%
30-Apr-14,4.815,4.838,4.852,4.751,82.54K,-0.33%
29-Apr-14,4.831,4.77,4.848,4.754,98.63K,0.75%
28-Apr-14,4.795,4.642,4.808,4.636,13.73K,3.18%
25-Apr-14,4.647,4.688,4.72,4.632,46.90K,-1.23%
24-Apr-14,4.705,4.723,4.805,4.674,80.84K,-0.53%
23-Apr-14,4.73,4.753,4.785,4.716,65.04K,-0.19%
22-Apr-14,4.739,4.695,4.757,4.677,78.37K,0.89%
21-Apr-14,4.697,4.756,4.789,4.687,84.80K,-0.93%
17-Apr-14,4.741,4.532,4.746,4.484,169.76K,4.66%
16-Apr-14,4.53,4.571,4.603,4.523,66.14K,-0.81%
15-Apr-14,4.567,4.575,4.633,4.511,98.18K,0.15%
14-Apr-14,4.56,4.62,4.646,4.539,79.20K,-1.30%
11-Apr-14,4.62,4.635,4.673,4.605,114.00K,-0.75%
10-Apr-14,4.655,4.561,4.703,4.522,201.91K,1.50%
9-Apr-14,4.586,4.534,4.593,4.498,128.93K,1.15%
8-Apr-14,4.534,4.469,4.552,4.456,124.60K,1.30%
7-Apr-14,4.476,4.443,4.528,4.43,121.45K,0.83%
4-Apr-14,4.439,4.431,4.478,4.404,70.47K,-0.69%
3-Apr-14,4.47,4.369,4.483,4.313,101.68K,2.43%
2-Apr-14,4.364,4.262,4.39,4.221,104.46K,2.06%
1-Apr-14,4.276,4.367,4.39,4.251,108.60K,-2.17%
31-Mar-14,4.371,4.482,4.487,4.337,117.49K,-2.54%
28-Mar-14,4.485,4.517,4.568,4.471,68.38K,-2.16%
27-Mar-14,4.584,4.395,4.615,4.372,12.43K,4.13%
26-Mar-14,4.402,4.406,4.428,4.352,50.39K,-0.20%
25-Mar-14,4.411,4.288,4.43,4.263,60.15K,3.16%
24-Mar-14,4.276,4.312,4.35,4.262,63.83K,-0.86%
21-Mar-14,4.313,4.377,4.378,4.286,70.15K,-1.28%
20-Mar-14,4.369,4.471,4.474,4.349,115.25K,-2.56%
19-Mar-14,4.484,4.467,4.504,4.42,61.53K,0.63%
18-Mar-14,4.456,4.515,4.549,4.446,70.75K,-1.76%
17-Mar-14,4.536,4.504,4.587,4.482,91.77K,2.51%
14-Mar-14,4.425,4.375,4.439,4.341,70.47K,0.96%
13-Mar-14,4.383,4.493,4.496,4.355,130.72K,-2.38%
12-Mar-14,4.49,4.604,4.631,4.448,117.74K,-2.50%
11-Mar-14,4.605,4.658,4.683,4.572,96.08K,-0.99%
10-Mar-14,4.651,4.623,4.733,4.556,123.08K,0.71%
7-Mar-14,4.618,4.641,4.681,4.566,81.50K,-0.94%
6-Mar-14,4.662,4.566,4.695,4.506,146.17K,3.07%
5-Mar-14,4.523,4.657,4.722,4.507,122.29K,-3.09%
4-Mar-14,4.667,4.499,4.676,4.49,137.05K,3.90%
3-Mar-14,4.492,4.69,4.736,4.463,128.97K,-2.54%
28-Feb-14,4.609,4.48,4.658,4.451,111.33K,2.17%
27-Feb-14,4.511,4.522,4.567,4.441,133.09K,-7.09%
26-Feb-14,4.855,4.957,5.005,4.66,17.97K,-4.73%
25-Feb-14,5.096,5.464,5.492,4.788,81.45K,-6.41%
24-Feb-14,5.445,6.3,6.493,5.38,116.69K,-11.25%
21-Feb-14,6.135,6.068,6.308,5.88,127.85K,1.17%
20-Feb-14,6.064,6.095,6.4,5.882,180.03K,-1.38%
19-Feb-14,6.149,5.565,6.275,5.56,242.49K,10.77%
18-Feb-14,5.551,5.384,5.612,5.371,192.54K,0.43%
17-Feb-14,5.528,5.446,5.533,5.372,-,6.01%
14-Feb-14,5.214,5.279,5.389,5.14,206.72K,-0.17%
13-Feb-14,5.223,4.828,5.239,4.818,240.24K,8.32%
12-Feb-14,4.822,4.942,5.028,4.78,220.39K,-0.04%
11-Feb-14,4.824,4.607,4.97,4.57,171.25K,5.35%
10-Feb-14,4.579,4.66,4.787,4.563,169.48K,-4.10%
7-Feb-14,4.775,5.03,5.049,4.739,188.05K,-3.16%
6-Feb-14,4.931,5.165,5.396,4.896,200.08K,-1.97%
5-Feb-14,5.03,5.284,5.737,4.99,256.13K,-6.42%
4-Feb-14,5.375,4.953,5.397,4.942,205.52K,9.58%
3-Feb-14,4.905,4.85,4.986,4.751,123.16K,-0.77%
31-Jan-14,4.943,4.9,4.995,4.721,187.07K,-1.36%
30-Jan-14,5.011,5.467,5.477,4.9,287.69K,-9.83%
29-Jan-14,5.557,4.992,5.725,4.901,17.60K,10.41%
28-Jan-14,5.033,4.9,5.115,4.867,72.61K,3.84%
27-Jan-14,4.847,5.153,5.442,4.828,146.76K,-6.46%
24-Jan-14,5.182,4.835,5.246,4.813,231.26K,9.56%
23-Jan-14,4.73,4.699,4.947,4.653,211.24K,0.87%
22-Jan-14,4.689,4.47,4.725,4.433,202.37K,5.82%
21-Jan-14,4.431,4.236,4.475,4.203,151.39K,3.20%
20-Jan-14,4.293,4.247,4.3,4.237,-,-0.75%
17-Jan-14,4.326,4.37,4.385,4.293,123.00K,-1.28%
16-Jan-14,4.382,4.335,4.495,4.316,263.60K,1.32%
15-Jan-14,4.325,4.353,4.432,4.318,154.47K,-1.01%
14-Jan-14,4.369,4.308,4.382,4.287,158.28K,2.22%
13-Jan-14,4.274,4.12,4.313,4.118,177.32K,5.45%
10-Jan-14,4.053,4.029,4.099,3.953,152.20K,1.20%
9-Jan-14,4.005,4.187,4.194,3.999,193.82K,-5.00%
8-Jan-14,4.216,4.327,4.365,4.18,134.37K,-1.93%
7-Jan-14,4.299,4.308,4.43,4.262,159.42K,-0.16%
6-Jan-14,4.306,4.313,4.379,4.266,91.96K,0.05%
3-Jan-14,4.304,4.298,4.39,4.206,141.97K,-0.39%
2-Jan-14,4.321,4.232,4.331,4.213,98.00K,2.10%
1-Jan-14,4.232,4.251,4.252,4.231,-,0.05%
31-Dec-13,4.23,4.435,4.448,4.224,105.30K,-4.45%
30-Dec-13,4.427,4.403,4.472,4.403,81.55K,0.45%
27-Dec-13,4.407,4.433,4.438,4.338,15.19K,-0.59%
26-Dec-13,4.433,4.439,4.465,4.377,40.69K,0.38%
24-Dec-13,4.416,4.469,4.486,4.384,35.58K,-1.05%
23-Dec-13,4.463,4.49,4.532,4.456,83.22K,1.02%
20-Dec-13,4.418,4.471,4.492,4.402,115.41K,-0.94%
19-Dec-13,4.46,4.27,4.471,4.268,200.34K,4.92%
18-Dec-13,4.251,4.288,4.334,4.244,133.92K,-0.84%
17-Dec-13,4.287,4.265,4.326,4.194,141.77K,0.19%
16-Dec-13,4.279,4.275,4.318,4.203,163.41K,-1.65%
13-Dec-13,4.351,4.389,4.443,4.341,158.93K,-1.32%
12-Dec-13,4.409,4.345,4.434,4.307,252.80K,1.66%
11-Dec-13,4.337,4.251,4.348,4.172,242.55K,2.36%
10-Dec-13,4.237,4.24,4.287,4.199,209.52K,0.12%
9-Dec-13,4.232,4.148,4.248,4.139,177.84K,2.87%
6-Dec-13,4.114,4.144,4.199,4.103,218.99K,-0.44%
5-Dec-13,4.132,3.965,4.152,3.951,247.40K,4.34%
4-Dec-13,3.96,3.98,4.013,3.953,104.51K,-0.40%
3-Dec-13,3.976,3.975,4.017,3.945,130.05K,-0.30%
2-Dec-13,3.988,3.911,3.993,3.897,129.86K,0.86%
29-Nov-13,3.954,3.895,3.962,3.873,89.36K,0.65%
28-Nov-13,3.928,3.904,3.942,3.874,-,0.86%
27-Nov-13,3.895,3.866,3.918,3.834,109.47K,2.02%
26-Nov-13,3.818,3.795,3.837,3.741,15.99K,0.77%
25-Nov-13,3.789,3.814,3.849,3.753,69.27K,0.56%
22-Nov-13,3.768,3.703,3.787,3.682,64.34K,1.78%
21-Nov-13,3.702,3.67,3.743,3.661,113.94K,0.76%
20-Nov-13,3.674,3.558,3.681,3.549,124.15K,3.32%
19-Nov-13,3.556,3.614,3.647,3.545,106.15K,-1.69%
18-Nov-13,3.617,3.681,3.705,3.611,117.34K,-1.17%
15-Nov-13,3.66,3.612,3.667,3.575,95.00K,1.53%
14-Nov-13,3.605,3.556,3.624,3.491,139.89K,1.09%
13-Nov-13,3.566,3.646,3.662,3.54,115.26K,-1.41%
12-Nov-13,3.617,3.581,3.656,3.561,110.42K,1.20%
11-Nov-13,3.574,3.586,3.598,3.542,89.46K,0.42%
8-Nov-13,3.559,3.52,3.589,3.51,80.00K,1.14%
7-Nov-13,3.519,3.495,3.622,3.483,171.29K,0.60%
6-Nov-13,3.498,3.482,3.547,3.453,124.02K,0.92%
5-Nov-13,3.466,3.443,3.491,3.379,126.61K,0.61%
4-Nov-13,3.445,3.475,3.475,3.406,100.68K,-1.94%
1-Nov-13,3.513,3.574,3.578,3.508,115.05K,-1.90%
31-Oct-13,3.581,3.638,3.659,3.56,116.77K,-1.08%
30-Oct-13,3.62,3.64,3.662,3.61,85.55K,3.52%
29-Oct-13,3.497,3.567,3.589,3.48,15.96K,-2.02%
28-Oct-13,3.569,3.678,3.681,3.557,66.71K,-3.72%
25-Oct-13,3.707,3.63,3.731,3.593,59.73K,2.15%
24-Oct-13,3.629,3.617,3.645,3.545,123.68K,0.28%
23-Oct-13,3.619,3.593,3.639,3.577,91.78K,1.06%
22-Oct-13,3.581,3.669,3.669,3.573,147.02K,-2.37%
21-Oct-13,3.668,3.795,3.838,3.654,109.59K,-2.55%
18-Oct-13,3.764,3.759,3.785,3.685,129.26K,0.19%
17-Oct-13,3.757,3.775,3.801,3.727,112.30K,-0.32%
16-Oct-13,3.769,3.813,3.869,3.757,145.07K,-0.55%
15-Oct-13,3.79,3.821,3.855,3.773,129.06K,-0.79%
14-Oct-13,3.82,3.815,3.855,3.758,100.77K,1.17%
11-Oct-13,3.776,3.728,3.792,3.726,137.04K,1.42%
10-Oct-13,3.723,3.699,3.795,3.683,199.43K,1.20%
9-Oct-13,3.679,3.724,3.734,3.673,137.54K,-1.00%
8-Oct-13,3.716,3.637,3.73,3.633,198.00K,2.40%
7-Oct-13,3.629,3.53,3.661,3.519,191.18K,3.51%
4-Oct-13,3.506,3.509,3.535,3.482,73.86K,0.20%
3-Oct-13,3.499,3.542,3.57,3.49,131.76K,-1.21%
2-Oct-13,3.542,3.608,3.647,3.533,98.66K,-1.86%
1-Oct-13,3.609,3.557,3.653,3.536,148.09K,1.38%
30-Sep-13,3.56,3.581,3.583,3.509,104.29K,-0.81%
27-Sep-13,3.589,3.581,3.608,3.521,90.54K,2.60%
26-Sep-13,3.498,3.507,3.515,3.402,14.10K,0.14%
25-Sep-13,3.493,3.509,3.546,3.49,62.87K,0.03%
24-Sep-13,3.492,3.593,3.617,3.488,66.20K,-3.05%
23-Sep-13,3.602,3.681,3.681,3.592,72.27K,-2.31%
20-Sep-13,3.687,3.712,3.715,3.656,74.70K,-0.89%
19-Sep-13,3.72,3.729,3.82,3.68,177.57K,0.19%
18-Sep-13,3.713,3.738,3.754,3.671,98.55K,-0.85%
17-Sep-13,3.745,3.741,3.776,3.72,116.54K,0.19%
16-Sep-13,3.738,3.687,3.749,3.625,116.10K,1.66%
13-Sep-13,3.677,3.628,3.689,3.603,101.45K,1.07%
12-Sep-13,3.638,3.558,3.665,3.537,168.47K,1.99%
11-Sep-13,3.567,3.583,3.618,3.525,122.38K,-0.47%
10-Sep-13,3.584,3.609,3.629,3.54,101.89K,-0.58%
9-Sep-13,3.605,3.534,3.621,3.531,89.14K,2.12%
6-Sep-13,3.53,3.575,3.595,3.517,84.49K,-1.26%
5-Sep-13,3.575,3.672,3.719,3.562,150.60K,-2.93%
4-Sep-13,3.683,3.674,3.699,3.64,111.74K,0.46%
3-Sep-13,3.666,3.601,3.689,3.601,124.21K,-0.01%
2-Sep-13,3.667,3.658,3.688,3.629,-,2.39%
30-Aug-13,3.581,3.624,3.653,3.566,93.52K,-1.02%
29-Aug-13,3.618,3.58,3.655,3.51,166.10K,1.46%
28-Aug-13,3.566,3.542,3.589,3.479,14.65K,0.91%
27-Aug-13,3.534,3.505,3.547,3.451,57.26K,0.60%
26-Aug-13,3.513,3.511,3.545,3.476,42.87K,0.80%
23-Aug-13,3.485,3.545,3.562,3.473,85.91K,-1.69%
22-Aug-13,3.545,3.47,3.559,3.451,136.26K,2.46%
21-Aug-13,3.46,3.437,3.495,3.388,83.49K,0.46%
20-Aug-13,3.444,3.465,3.5,3.431,106.93K,-0.55%
19-Aug-13,3.463,3.392,3.501,3.385,123.89K,2.82%
16-Aug-13,3.368,3.425,3.434,3.36,77.07K,-1.49%
15-Aug-13,3.419,3.341,3.433,3.303,152.29K,2.30%
14-Aug-13,3.342,3.298,3.376,3.285,152.10K,1.74%
13-Aug-13,3.285,3.304,3.334,3.262,195.33K,-0.76%
12-Aug-13,3.31,3.26,3.361,3.244,185.43K,2.48%
9-Aug-13,3.23,3.32,3.326,3.215,155.39K,-2.03%
8-Aug-13,3.297,3.237,3.326,3.129,232.57K,1.54%
7-Aug-13,3.247,3.305,3.318,3.23,177.41K,-2.14%
6-Aug-13,3.318,3.325,3.357,3.301,75.45K,-0.03%
5-Aug-13,3.319,3.326,3.361,3.308,75.74K,-0.84%
2-Aug-13,3.347,3.386,3.407,3.33,78.24K,-1.18%
1-Aug-13,3.387,3.452,3.454,3.341,152.92K,-1.71%
31-Jul-13,3.446,3.45,3.472,3.42,81.07K,0.41%
30-Jul-13,3.432,3.472,3.488,3.418,91.38K,-0.78%
29-Jul-13,3.459,3.515,3.52,3.413,11.88K,-2.70%
26-Jul-13,3.555,3.651,3.654,3.548,75.41K,-2.44%
25-Jul-13,3.644,3.701,3.759,3.64,96.07K,-1.46%
24-Jul-13,3.698,3.732,3.78,3.689,87.59K,-1.20%
23-Jul-13,3.743,3.7,3.762,3.659,102.54K,1.79%
22-Jul-13,3.677,3.75,3.763,3.64,112.71K,-2.96%
19-Jul-13,3.789,3.813,3.827,3.761,85.92K,-0.60%
18-Jul-13,3.812,3.623,3.835,3.606,162.49K,5.04%
17-Jul-13,3.629,3.671,3.683,3.607,107.57K,-1.31%
16-Jul-13,3.677,3.686,3.718,3.608,107.54K,0.08%
15-Jul-13,3.674,3.65,3.689,3.546,135.85K,0.82%
12-Jul-13,3.644,3.614,3.692,3.6,88.91K,0.86%
11-Jul-13,3.613,3.663,3.702,3.574,136.12K,-1.82%
10-Jul-13,3.68,3.659,3.787,3.631,104.60K,0.63%
9-Jul-13,3.657,3.732,3.747,3.626,108.79K,-2.25%
8-Jul-13,3.741,3.626,3.764,3.612,108.75K,3.43%
5-Jul-13,3.617,3.69,3.699,3.577,78.01K,-1.35%
4-Jul-13,3.667,3.697,3.697,3.616,-,-0.64%
3-Jul-13,3.69,3.658,3.7,3.573,100.08K,0.99%
2-Jul-13,3.654,3.59,3.667,3.567,93.53K,2.15%
1-Jul-13,3.577,3.547,3.607,3.531,81.76K,0.34%
28-Jun-13,3.565,3.596,3.618,3.526,112.00K,-0.47%
27-Jun-13,3.582,3.743,3.757,3.556,178.66K,-3.37%
26-Jun-13,3.707,3.654,3.728,3.635,19.26K,1.65%
25-Jun-13,3.647,3.738,3.76,3.645,70.60K,-2.46%
24-Jun-13,3.739,3.79,3.822,3.725,67.58K,-0.85%
21-Jun-13,3.771,3.871,3.904,3.764,108.68K,-2.73%
20-Jun-13,3.877,3.953,3.964,3.835,144.32K,-2.17%
19-Jun-13,3.963,3.911,3.983,3.906,107.19K,1.49%
18-Jun-13,3.905,3.902,3.952,3.865,153.82K,0.77%
17-Jun-13,3.875,3.738,3.913,3.738,137.16K,3.80%
14-Jun-13,3.733,3.813,3.831,3.729,105.30K,-2.12%
13-Jun-13,3.814,3.773,3.85,3.715,193.61K,0.98%
12-Jun-13,3.777,3.725,3.789,3.71,158.31K,1.42%
11-Jun-13,3.724,3.793,3.803,3.716,157.30K,-2.00%
10-Jun-13,3.8,3.848,3.868,3.779,142.65K,-0.73%
7-Jun-13,3.828,3.846,3.869,3.814,142.06K,0.03%
6-Jun-13,3.827,3.997,4.002,3.824,179.67K,-4.35%
5-Jun-13,4.001,4,4.027,3.975,90.19K,0.08%
4-Jun-13,3.998,3.988,4.033,3.965,82.00K,0.18%
3-Jun-13,3.991,3.963,4.04,3.951,95.62K,0.18%
31-May-13,3.984,4.032,4.064,3.981,110.72K,-0.97%
30-May-13,4.023,4.177,4.184,4.011,137.12K,-3.01%
29-May-13,4.148,4.167,4.179,4.071,15.77K,-0.62%
28-May-13,4.174,4.223,4.308,4.13,83.21K,-3.21%
27-May-13,4.313,4.253,4.358,4.253,-,1.78%
24-May-13,4.237,4.262,4.295,4.216,55.98K,-0.56%
23-May-13,4.261,4.181,4.269,4.159,147.27K,1.79%
22-May-13,4.186,4.19,4.228,4.155,94.18K,-0.14%
21-May-13,4.192,4.087,4.21,4.078,104.31K,2.49%
20-May-13,4.09,4.089,4.159,4.063,117.09K,0.86%
17-May-13,4.055,3.942,4.096,3.915,143.87K,3.13%
16-May-13,3.932,4.095,4.095,3.912,162.30K,-3.39%
15-May-13,4.07,4.018,4.078,4.011,98.30K,1.14%
14-May-13,4.024,3.942,4.03,3.923,105.37K,2.52%
13-May-13,3.925,3.897,3.977,3.886,102.67K,0.38%
10-May-13,3.91,3.967,4.01,3.898,108.25K,-1.83%
9-May-13,3.983,3.976,4.02,3.883,151.47K,0.13%
8-May-13,3.978,3.915,3.989,3.895,90.79K,1.48%
7-May-13,3.92,4,4.005,3.916,124.06K,-2.27%
6-May-13,4.011,4.012,4.056,3.971,103.08K,-0.74%
3-May-13,4.041,4.043,4.07,3.977,120.22K,0.40%
2-May-13,4.025,4.313,4.364,4.017,245.32K,-6.96%
1-May-13,4.326,4.34,4.444,4.31,165.59K,-0.39%
30-Apr-13,4.343,4.378,4.397,4.322,133.91K,-1.12%
29-Apr-13,4.392,4.233,4.395,4.225,130.68K,5.81%
26-Apr-13,4.151,4.159,4.196,4.062,-,-0.38%
25-Apr-13,4.167,4.17,4.251,4.141,81.50K,0.02%
24-Apr-13,4.166,4.233,4.276,4.162,84.61K,-1.70%
23-Apr-13,4.238,4.257,4.319,4.218,138.48K,-0.68%
22-Apr-13,4.267,4.39,4.397,4.251,125.56K,-3.20%
19-Apr-13,4.408,4.418,4.42,4.363,100.57K,0.16%
18-Apr-13,4.401,4.203,4.429,4.172,233.94K,4.44%
17-Apr-13,4.214,4.194,4.244,4.146,130.01K,1.30%
16-Apr-13,4.16,4.128,4.2,4.084,154.42K,0.56%
15-Apr-13,4.137,4.227,4.29,4.116,153.06K,-2.01%
12-Apr-13,4.222,4.175,4.264,4.151,152.67K,2.01%
11-Apr-13,4.139,4.102,4.185,4.047,225.71K,1.32%
10-Apr-13,4.085,4.032,4.161,4.025,241.92K,1.69%
9-Apr-13,4.017,4.085,4.104,4.004,167.73K,-1.59%
8-Apr-13,4.082,4.163,4.18,4.045,250.95K,-1.04%
5-Apr-13,4.125,3.947,4.146,3.93,311.66K,4.51%
4-Apr-13,3.947,3.904,3.976,3.861,190.16K,1.21%
3-Apr-13,3.9,3.959,3.985,3.897,143.32K,-1.74%
2-Apr-13,3.969,4.031,4.044,3.943,156.39K,-1.15%
1-Apr-13,4.015,3.969,4.044,3.934,145.34K,-0.22%
28-Mar-13,4.024,4.091,4.121,3.973,205.18K,-1.08%
27-Mar-13,4.068,3.999,4.103,3.983,172.87K,2.31%
26-Mar-13,3.976,3.875,3.991,3.862,19.44K,2.87%
25-Mar-13,3.865,3.943,3.996,3.86,63.31K,-1.58%
22-Mar-13,3.927,3.93,4.006,3.913,77.78K,-0.20%
21-Mar-13,3.935,3.95,4.025,3.891,208.09K,-0.63%
20-Mar-13,3.96,3.967,3.976,3.885,143.37K,-0.23%
19-Mar-13,3.969,3.882,3.973,3.869,140.41K,2.24%
18-Mar-13,3.882,3.907,3.965,3.858,157.79K,0.26%
15-Mar-13,3.872,3.825,3.924,3.821,194.78K,1.57%
14-Mar-13,3.812,3.686,3.834,3.679,232.98K,3.59%
13-Mar-13,3.68,3.637,3.696,3.623,98.48K,0.96%
12-Mar-13,3.645,3.64,3.676,3.62,140.33K,-0.11%
11-Mar-13,3.649,3.636,3.652,3.59,96.73K,0.55%
8-Mar-13,3.629,3.585,3.635,3.565,111.06K,1.31%
7-Mar-13,3.582,3.472,3.603,3.463,189.15K,3.23%
6-Mar-13,3.47,3.523,3.55,3.462,107.86K,-1.67%
5-Mar-13,3.529,3.535,3.594,3.511,148.09K,0.00%
4-Mar-13,3.529,3.469,3.54,3.408,127.15K,2.11%
1-Mar-13,3.456,3.491,3.52,3.44,118.03K,-0.86%
28-Feb-13,3.486,3.418,3.508,3.395,148.12K,1.51%
27-Feb-13,3.434,3.449,3.554,3.406,173.67K,0.20%
26-Feb-13,3.427,3.416,3.455,3.386,14.83K,0.38%
25-Feb-13,3.414,3.32,3.425,3.32,83.31K,3.74%
22-Feb-13,3.291,3.241,3.294,3.231,59.31K,1.39%
21-Feb-13,3.246,3.268,3.337,3.231,174.16K,-1.01%
20-Feb-13,3.279,3.271,3.313,3.257,123.63K,0.21%
19-Feb-13,3.272,3.166,3.279,3.135,146.33K,3.77%
15-Feb-13,3.153,3.17,3.194,3.125,126.94K,-0.32%
14-Feb-13,3.163,3.297,3.309,3.135,211.04K,-4.33%
13-Feb-13,3.306,3.241,3.323,3.23,182.65K,2.35%
12-Feb-13,3.23,3.28,3.314,3.223,180.04K,-1.49%
11-Feb-13,3.279,3.26,3.295,3.207,163.31K,0.21%
8-Feb-13,3.272,3.295,3.327,3.256,148.42K,-0.40%
7-Feb-13,3.285,3.439,3.453,3.282,215.01K,-3.89%
6-Feb-13,3.418,3.424,3.459,3.398,129.24K,0.56%
5-Feb-13,3.399,3.33,3.427,3.318,107.59K,2.53%
4-Feb-13,3.315,3.313,3.354,3.259,91.49K,0.42%
1-Feb-13,3.301,3.328,3.387,3.278,126.84K,-1.14%
31-Jan-13,3.339,3.335,3.395,3.243,212.22K,0.12%
30-Jan-13,3.335,3.262,3.344,3.261,113.31K,3.38%
29-Jan-13,3.226,3.273,3.275,3.207,13.35K,-1.92%
28-Jan-13,3.289,3.392,3.396,3.267,72.42K,-4.50%
25-Jan-13,3.444,3.452,3.48,3.411,69.91K,-0.06%
24-Jan-13,3.446,3.57,3.592,3.441,165.77K,-3.04%
23-Jan-13,3.554,3.573,3.596,3.512,101.49K,-0.11%
22-Jan-13,3.558,3.572,3.645,3.505,165.80K,-0.22%
18-Jan-13,3.566,3.485,3.579,3.473,113.08K,2.06%
17-Jan-13,3.494,3.435,3.529,3.38,181.82K,1.72%
16-Jan-13,3.435,3.445,3.457,3.364,148.73K,-0.58%
15-Jan-13,3.455,3.383,3.464,3.328,174.19K,2.43%
14-Jan-13,3.373,3.379,3.411,3.337,134.65K,1.38%
11-Jan-13,3.327,3.193,3.341,3.178,163.03K,4.20%
10-Jan-13,3.193,3.13,3.211,3.108,141.55K,2.57%
9-Jan-13,3.113,3.218,3.227,3.087,133.81K,-3.26%
8-Jan-13,3.218,3.276,3.281,3.201,105.51K,-1.47%
7-Jan-13,3.266,3.277,3.352,3.238,79.34K,-0.64%
4-Jan-13,3.287,3.198,3.299,3.193,108.56K,2.78%
3-Jan-13,3.198,3.231,3.236,3.164,91.04K,-1.08%
2-Jan-13,3.233,3.348,3.358,3.05,137.08K,-3.52%
31-Dec-12,3.351,3.455,3.481,3.341,62.81K,-3.40%
28-Dec-12,3.469,3.412,3.487,3.36,59.23K,3.43%
27-Dec-12,3.354,3.352,3.38,3.317,12.62K,-1.12%
26-Dec-12,3.392,3.33,3.408,3.3,48.44K,1.37%
24-Dec-12,3.346,3.461,3.461,3.331,30.89K,-3.04%
21-Dec-12,3.451,3.447,3.508,3.425,96.19K,-0.32%
20-Dec-12,3.462,3.337,3.467,3.316,141.49K,4.28%
19-Dec-12,3.32,3.399,3.414,3.284,118.17K,-2.87%
18-Dec-12,3.418,3.35,3.45,3.336,125.24K,1.79%
17-Dec-12,3.358,3.299,3.395,3.277,135.76K,1.33%
14-Dec-12,3.314,3.339,3.363,3.261,147.82K,-0.99%
13-Dec-12,3.347,3.395,3.407,3.293,228.08K,-1.03%
12-Dec-12,3.382,3.423,3.447,3.366,187.10K,-0.88%
11-Dec-12,3.412,3.426,3.494,3.391,181.13K,-1.39%
10-Dec-12,3.46,3.519,3.52,3.415,190.00K,-2.56%
7-Dec-12,3.551,3.64,3.684,3.539,164.02K,-3.14%
6-Dec-12,3.666,3.69,3.748,3.614,183.56K,-0.92%
5-Dec-12,3.7,3.547,3.719,3.507,148.13K,4.55%
4-Dec-12,3.539,3.611,3.611,3.525,103.43K,-1.45%
3-Dec-12,3.591,3.553,3.643,3.526,135.67K,0.84%
30-Nov-12,3.561,3.649,3.679,3.546,149.08K,-2.38%
29-Nov-12,3.648,3.807,3.815,3.637,159.98K,-1.30%
28-Nov-12,3.696,3.761,3.769,3.626,19.48K,-1.94%
27-Nov-12,3.769,3.745,3.774,3.71,73.62K,1.05%
26-Nov-12,3.73,3.864,3.868,3.704,85.88K,-4.38%
23-Nov-12,3.901,3.902,3.933,3.83,50.25K,-0.05%
21-Nov-12,3.903,3.835,3.91,3.786,134.41K,1.85%
20-Nov-12,3.832,3.73,3.842,3.725,93.27K,3.04%
19-Nov-12,3.719,3.798,3.835,3.71,120.00K,-1.87%
16-Nov-12,3.79,3.715,3.803,3.662,114.88K,2.35%
15-Nov-12,3.703,3.76,3.83,3.68,162.22K,-1.52%
14-Nov-12,3.76,3.783,3.827,3.724,137.20K,0.56%
13-Nov-12,3.739,3.57,3.775,3.56,163.02K,4.73%
12-Nov-12,3.57,3.496,3.596,3.47,96.81K,1.91%
9-Nov-12,3.503,3.59,3.617,3.482,112.68K,-2.91%
8-Nov-12,3.608,3.572,3.613,3.518,121.69K,0.84%
7-Nov-12,3.578,3.614,3.617,3.555,86.33K,-1.08%
6-Nov-12,3.617,3.568,3.62,3.513,94.31K,1.77%
5-Nov-12,3.554,3.533,3.588,3.506,85.74K,0.00%
2-Nov-12,3.554,3.675,3.693,3.532,128.74K,-3.92%
1-Nov-12,3.699,3.692,3.742,3.653,106.55K,0.19%
31-Oct-12,3.692,3.695,3.778,3.68,100.04K,0.03%
30-Oct-12,3.691,3.801,3.82,3.65,80.33K,6.34%
29-Oct-12,3.471,3.36,3.5,3.36,14.96K,2.09%
26-Oct-12,3.4,3.424,3.442,3.355,63.56K,-0.99%
25-Oct-12,3.434,3.442,3.48,3.36,114.70K,-0.46%
24-Oct-12,3.45,3.523,3.561,3.429,114.25K,-2.40%
23-Oct-12,3.535,3.444,3.559,3.437,126.48K,2.40%
22-Oct-12,3.452,3.617,3.648,3.426,173.39K,-4.56%
19-Oct-12,3.617,3.584,3.647,3.559,122.78K,0.84%
18-Oct-12,3.587,3.478,3.591,3.401,205.53K,3.37%
17-Oct-12,3.47,3.442,3.5,3.398,156.50K,0.96%
16-Oct-12,3.437,3.49,3.519,3.408,186.12K,-1.41%
15-Oct-12,3.486,3.593,3.6,3.447,154.52K,-3.46%
12-Oct-12,3.611,3.611,3.638,3.563,136.67K,0.19%
11-Oct-12,3.604,3.483,3.634,3.468,293.22K,3.71%
10-Oct-12,3.475,3.473,3.514,3.431,211.27K,0.23%
9-Oct-12,3.467,3.414,3.515,3.346,208.35K,1.88%
8-Oct-12,3.403,3.38,3.431,3.327,143.43K,0.21%
5-Oct-12,3.396,3.407,3.435,3.337,174.99K,-0.29%
4-Oct-12,3.406,3.393,3.464,3.36,186.18K,0.32%
3-Oct-12,3.395,3.52,3.526,3.348,176.28K,-3.85%
2-Oct-12,3.531,3.483,3.546,3.398,194.78K,1.47%
1-Oct-12,3.48,3.325,3.486,3.325,210.25K,4.82%
28-Sep-12,3.32,3.285,3.33,3.248,169.81K,0.70%
27-Sep-12,3.297,3.2,3.318,3.188,222.37K,9.06%
26-Sep-12,3.023,2.942,3.046,2.927,16.18K,3.39%
25-Sep-12,2.924,2.85,2.954,2.843,82.61K,3.07%
24-Sep-12,2.837,2.9,2.903,2.814,77.63K,-1.66%
21-Sep-12,2.885,2.809,2.901,2.79,141.85K,3.15%
20-Sep-12,2.797,2.777,2.821,2.747,161.15K,1.27%
19-Sep-12,2.762,2.774,2.855,2.737,161.16K,-0.40%
18-Sep-12,2.773,2.875,2.916,2.755,174.55K,-3.21%
17-Sep-12,2.865,2.929,2.983,2.856,110.15K,-2.65%
14-Sep-12,2.943,3.036,3.062,2.92,144.32K,-3.10%
13-Sep-12,3.037,3.063,3.07,2.96,196.95K,-0.85%
12-Sep-12,3.063,3.001,3.068,2.95,197.44K,2.37%
11-Sep-12,2.992,2.842,3.009,2.802,257.93K,6.40%
10-Sep-12,2.812,2.659,2.847,2.647,141.36K,4.85%
7-Sep-12,2.682,2.747,2.765,2.666,145.91K,-3.39%
6-Sep-12,2.776,2.799,2.866,2.742,158.02K,-0.68%
5-Sep-12,2.795,2.85,2.869,2.78,120.27K,-2.07%
4-Sep-12,2.854,2.806,2.888,2.762,126.23K,1.96%
31-Aug-12,2.799,2.76,2.808,2.707,116.40K,1.86%
30-Aug-12,2.748,2.692,2.767,2.637,159.24K,4.33%
29-Aug-12,2.634,2.616,2.646,2.575,13.32K,0.77%
28-Aug-12,2.614,2.663,2.677,2.603,81.52K,-1.47%
27-Aug-12,2.653,2.768,2.768,2.64,83.44K,-1.81%
24-Aug-12,2.702,2.833,2.877,2.695,120.49K,-3.57%
23-Aug-12,2.802,2.844,2.859,2.682,194.03K,-0.85%
22-Aug-12,2.826,2.83,2.863,2.772,128.63K,1.84%
21-Aug-12,2.775,2.767,2.837,2.7,162.80K,-0.04%
20-Aug-12,2.776,2.715,2.785,2.686,108.93K,2.10%
17-Aug-12,2.719,2.71,2.757,2.688,86.27K,-0.18%
16-Aug-12,2.724,2.765,2.84,2.685,189.45K,-0.87%
15-Aug-12,2.748,2.834,2.84,2.74,135.69K,-3.03%
14-Aug-12,2.834,2.747,2.848,2.73,138.48K,3.85%
13-Aug-12,2.729,2.77,2.79,2.715,159.45K,-1.48%
10-Aug-12,2.77,2.931,2.943,2.76,208.07K,-5.94%
9-Aug-12,2.945,2.931,3.12,2.876,302.09K,0.41%
8-Aug-12,2.933,2.959,2.987,2.897,155.70K,-1.05%
7-Aug-12,2.964,2.919,2.995,2.882,169.99K,1.93%
6-Aug-12,2.908,2.841,2.938,2.801,105.25K,1.08%
3-Aug-12,2.877,2.918,2.955,2.84,111.17K,-1.47%
2-Aug-12,2.92,3.156,3.171,2.912,198.97K,-7.92%
1-Aug-12,3.171,3.217,3.241,3.123,180.21K,-1.18%
31-Jul-12,3.209,3.22,3.277,3.157,180.49K,-0.16%
30-Jul-12,3.214,3.03,3.231,3.03,157.18K,6.78%
27-Jul-12,3.01,3.103,3.11,2.99,12.09K,-3.06%
26-Jul-12,3.105,3.062,3.129,3.018,75.17K,1.14%
25-Jul-12,3.07,3.174,3.178,3.05,102.42K,-3.67%
24-Jul-12,3.187,3.117,3.196,3.084,121.99K,2.25%
23-Jul-12,3.117,3.083,3.13,2.991,118.12K,1.17%
20-Jul-12,3.081,3.031,3.096,2.984,140.98K,2.73%
19-Jul-12,2.999,2.975,3.045,2.925,169.96K,0.87%
18-Jul-12,2.973,2.791,3.02,2.777,200.46K,6.33%
17-Jul-12,2.796,2.816,2.846,2.72,114.20K,-0.18%
16-Jul-12,2.801,2.875,2.915,2.781,113.68K,-2.54%
13-Jul-12,2.874,2.878,2.911,2.829,96.35K,0.00%
12-Jul-12,2.874,2.853,2.92,2.72,211.34K,0.74%
11-Jul-12,2.853,2.747,2.862,2.718,113.53K,4.24%
10-Jul-12,2.737,2.88,2.915,2.734,151.16K,-5.06%
9-Jul-12,2.883,2.781,2.896,2.776,119.25K,3.85%
6-Jul-12,2.776,2.949,3.06,2.753,211.27K,-5.74%
5-Jul-12,2.945,2.9,2.957,2.885,102.57K,1.59%
3-Jul-12,2.899,2.844,2.902,2.786,106.02K,2.66%
2-Jul-12,2.824,2.804,2.855,2.742,99.49K,0.00%
29-Jun-12,2.824,2.761,2.832,2.716,150.84K,3.75%
28-Jun-12,2.722,2.765,2.846,2.659,174.56K,-1.87%
27-Jun-12,2.774,2.787,2.946,2.735,15.40K,0.25%
26-Jun-12,2.767,2.669,2.786,2.648,89.92K,2.71%
25-Jun-12,2.694,2.66,2.731,2.644,95.05K,2.63%
22-Jun-12,2.625,2.582,2.664,2.542,133.46K,1.67%
21-Jun-12,2.582,2.525,2.638,2.505,178.97K,2.58%
20-Jun-12,2.517,2.559,2.679,2.503,150.63K,-1.10%
19-Jun-12,2.545,2.654,2.671,2.506,146.05K,-3.42%
18-Jun-12,2.635,2.467,2.658,2.459,190.17K,6.81%
15-Jun-12,2.467,2.526,2.557,2.444,152.81K,-1.12%
14-Jun-12,2.495,2.197,2.531,2.168,271.77K,14.19%
13-Jun-12,2.185,2.212,2.229,2.182,148.06K,-2.11%
12-Jun-12,2.232,2.206,2.272,2.173,162.84K,0.63%
11-Jun-12,2.218,2.262,2.285,2.198,129.15K,-3.52%
8-Jun-12,2.299,2.276,2.323,2.231,147.44K,1.10%
7-Jun-12,2.274,2.421,2.439,2.263,206.51K,-6.07%
6-Jun-12,2.421,2.446,2.487,2.397,135.44K,-1.02%
5-Jun-12,2.446,2.429,2.477,2.383,134.95K,1.28%
4-Jun-12,2.415,2.33,2.44,2.318,133.54K,3.83%
1-Jun-12,2.326,2.408,2.415,2.313,149.92K,-3.96%
31-May-12,2.422,2.45,2.498,2.377,207.54K,0.17%
30-May-12,2.418,2.498,2.508,2.393,139.18K,-0.45%
29-May-12,2.429,2.547,2.56,2.399,15.29K,-5.41%
25-May-12,2.568,2.642,2.654,2.523,95.00K,-2.98%
24-May-12,2.647,2.729,2.75,2.628,116.71K,-3.29%
23-May-12,2.737,2.691,2.747,2.615,157.33K,1.11%
22-May-12,2.707,2.642,2.728,2.579,161.08K,3.76%
21-May-12,2.609,2.722,2.743,2.589,146.05K,-4.85%
18-May-12,2.742,2.633,2.759,2.606,166.69K,5.71%
17-May-12,2.594,2.625,2.676,2.507,192.08K,-0.92%
16-May-12,2.618,2.52,2.638,2.489,159.85K,4.72%
15-May-12,2.5,2.417,2.525,2.387,132.51K,2.84%
14-May-12,2.431,2.493,2.52,2.414,109.21K,-3.11%
11-May-12,2.509,2.467,2.531,2.455,126.38K,0.88%
10-May-12,2.487,2.463,2.519,2.407,193.21K,0.89%
9-May-12,2.465,2.44,2.509,2.402,186.41K,3.01%
8-May-12,2.393,2.323,2.461,2.276,159.77K,2.44%
7-May-12,2.336,2.277,2.358,2.273,90.61K,2.50%
4-May-12,2.279,2.34,2.373,2.261,137.31K,-2.61%
3-May-12,2.34,2.26,2.38,2.253,160.94K,3.86%
2-May-12,2.253,2.371,2.384,2.236,166.59K,-4.98%
1-May-12,2.371,2.311,2.385,2.293,161.95K,3.76%
30-Apr-12,2.285,2.19,2.32,2.15,150.39K,4.53%
27-Apr-12,2.186,2.126,2.198,2.107,109.06K,7.37%
26-Apr-12,2.036,2.094,2.187,1.999,17.16K,-1.55%
25-Apr-12,2.068,1.984,2.09,1.971,68.55K,4.71%
24-Apr-12,1.975,2.011,2.028,1.97,66.74K,-1.59%
23-Apr-12,2.007,1.937,2.022,1.921,144.18K,4.15%
20-Apr-12,1.927,1.904,1.935,1.902,83.72K,1.05%
19-Apr-12,1.907,1.949,1.971,1.902,125.32K,-2.26%
18-Apr-12,1.951,1.95,1.988,1.94,99.95K,0.00%
17-Apr-12,1.951,2.008,2.016,1.947,113.74K,-3.22%
16-Apr-12,2.016,1.986,2.03,1.976,133.53K,1.77%
13-Apr-12,1.981,1.982,1.999,1.959,145.88K,-0.10%
12-Apr-12,1.983,1.976,2.069,1.971,233.10K,-0.05%
11-Apr-12,1.984,2.023,2.049,1.972,163.94K,-2.31%
10-Apr-12,2.031,2.111,2.126,2.024,147.61K,-3.61%
9-Apr-12,2.107,2.103,2.117,2.061,129.37K,0.86%
5-Apr-12,2.089,2.137,2.159,2.084,152.78K,-2.43%
4-Apr-12,2.141,2.171,2.198,2.13,99.97K,-2.10%
3-Apr-12,2.187,2.146,2.204,2.117,123.04K,1.63%
2-Apr-12,2.152,2.122,2.163,2.069,130.25K,1.22%
30-Mar-12,2.126,2.166,2.172,2.101,127.07K,-1.07%
29-Mar-12,2.149,2.267,2.277,2.132,161.71K,-1.92%
28-Mar-12,2.191,2.196,2.21,2.163,11.25K,-0.77%
27-Mar-12,2.208,2.217,2.238,2.176,74.74K,-0.81%
26-Mar-12,2.226,2.286,2.318,2.213,64.98K,-2.15%
23-Mar-12,2.275,2.266,2.325,2.261,102.97K,0.26%
22-Mar-12,2.269,2.342,2.38,2.25,155.47K,-3.86%
21-Mar-12,2.36,2.329,2.366,2.303,95.48K,1.07%
20-Mar-12,2.335,2.339,2.369,2.318,96.07K,-0.68%
19-Mar-12,2.351,2.322,2.393,2.285,132.74K,1.07%
16-Mar-12,2.326,2.267,2.362,2.246,127.34K,2.06%
15-Mar-12,2.279,2.275,2.334,2.234,132.65K,-0.22%
14-Mar-12,2.284,2.329,2.344,2.245,141.16K,-0.65%
13-Mar-12,2.299,2.27,2.338,2.204,133.10K,1.32%
12-Mar-12,2.269,2.272,2.29,2.235,90.53K,-2.37%
9-Mar-12,2.324,2.297,2.327,2.26,104.34K,2.29%
8-Mar-12,2.272,2.305,2.335,2.235,142.80K,-1.30%
7-Mar-12,2.302,2.341,2.343,2.281,124.63K,-2.29%
6-Mar-12,2.356,2.355,2.395,2.339,94.16K,0.04%
5-Mar-12,2.355,2.401,2.441,2.349,101.53K,-5.19%
2-Mar-12,2.484,2.472,2.505,2.461,85.42K,0.85%
1-Mar-12,2.463,2.593,2.597,2.444,166.26K,-5.85%
29-Feb-12,2.616,2.539,2.625,2.502,156.55K,3.85%
28-Feb-12,2.519,2.598,2.624,2.511,122.33K,2.98%
27-Feb-12,2.446,2.523,2.589,2.436,15.62K,-4.08%
24-Feb-12,2.55,2.613,2.635,2.512,79.01K,-2.71%
23-Feb-12,2.621,2.664,2.695,2.565,110.20K,-0.83%
22-Feb-12,2.643,2.637,2.668,2.532,122.55K,0.65%
21-Feb-12,2.626,2.659,2.673,2.575,136.05K,-2.16%
17-Feb-12,2.684,2.556,2.733,2.527,160.54K,4.56%
16-Feb-12,2.567,2.436,2.577,2.415,201.17K,5.86%
15-Feb-12,2.425,2.55,2.567,2.404,180.89K,-4.23%
14-Feb-12,2.532,2.441,2.569,2.434,188.37K,4.15%
13-Feb-12,2.431,2.448,2.47,2.395,195.21K,-1.86%
10-Feb-12,2.477,2.481,2.528,2.451,156.96K,0.00%
9-Feb-12,2.477,2.444,2.585,2.405,256.96K,1.18%
8-Feb-12,2.448,2.492,2.508,2.39,180.78K,-0.97%
7-Feb-12,2.472,2.574,2.618,2.452,224.08K,-3.06%
6-Feb-12,2.55,2.503,2.587,2.447,147.66K,2.04%
3-Feb-12,2.499,2.558,2.56,2.45,159.59K,-2.15%
2-Feb-12,2.554,2.375,2.587,2.34,249.78K,7.22%
1-Feb-12,2.382,2.465,2.471,2.355,190.34K,-4.83%
31-Jan-12,2.503,2.689,2.689,2.453,215.16K,-7.74%
30-Jan-12,2.713,2.81,2.844,2.64,156.09K,1.31%
27-Jan-12,2.678,2.58,2.7,2.56,200.14K,2.80%
26-Jan-12,2.605,2.76,2.803,2.553,91.91K,-4.54%
25-Jan-12,2.729,2.572,2.776,2.571,158.86K,6.85%
24-Jan-12,2.554,2.577,2.65,2.512,210.66K,1.15%
23-Jan-12,2.525,2.27,2.619,2.231,259.77K,7.77%
20-Jan-12,2.343,2.306,2.367,2.283,133.82K,0.90%
19-Jan-12,2.322,2.482,2.485,2.293,159.16K,-6.07%
18-Jan-12,2.472,2.485,2.542,2.452,127.93K,-0.64%
17-Jan-12,2.488,2.569,2.587,2.439,199.11K,-6.82%
13-Jan-12,2.67,2.705,2.711,2.621,118.53K,-1.00%
12-Jan-12,2.697,2.761,2.772,2.663,157.65K,-2.78%
11-Jan-12,2.774,2.923,2.929,2.741,167.96K,-5.68%
10-Jan-12,2.941,3.014,3.045,2.903,134.79K,-2.32%
9-Jan-12,3.011,3.011,3.032,2.977,107.25K,-1.67%
6-Jan-12,3.062,2.96,3.077,2.955,115.52K,2.75%
5-Jan-12,2.98,3.122,3.123,2.947,163.14K,-3.75%
4-Jan-12,3.096,2.978,3.123,2.975,133.51K,3.44%
3-Jan-12,2.993,2.969,3.074,2.936,106.19K,0.13%
30-Dec-11,2.989,3.02,3.042,2.957,60.19K,-1.26%
29-Dec-11,3.027,3.139,3.148,3.001,87.07K,-1.85%
28-Dec-11,3.084,3.102,3.14,3.065,15.64K,-0.90%
27-Dec-11,3.112,3.106,3.181,3.078,55.02K,-0.06%
23-Dec-11,3.114,3.158,3.169,3.101,39.81K,-1.74%
22-Dec-11,3.169,3.168,3.201,3.1,112.26K,0.44%
21-Dec-11,3.155,3.135,3.192,3.095,102.37K,0.86%
20-Dec-11,3.128,3.117,3.15,3.086,91.18K,1.03%
19-Dec-11,3.096,3.093,3.12,3.05,89.38K,-0.99%
16-Dec-11,3.127,3.124,3.173,3.084,103.93K,0.00%
15-Dec-11,3.127,3.141,3.204,3.1,139.65K,-0.29%
14-Dec-11,3.136,3.285,3.287,3.126,145.44K,-4.36%
13-Dec-11,3.279,3.247,3.299,3.231,145.95K,0.77%
12-Dec-11,3.254,3.253,3.271,3.217,128.73K,-1.90%
9-Dec-11,3.317,3.435,3.441,3.309,173.35K,-4.05%
8-Dec-11,3.457,3.422,3.55,3.41,171.87K,1.05%
7-Dec-11,3.421,3.497,3.504,3.409,138.85K,-1.89%
6-Dec-11,3.487,3.463,3.507,3.405,122.83K,0.75%
5-Dec-11,3.461,3.57,3.572,3.444,114.25K,-3.43%
2-Dec-11,3.584,3.644,3.663,3.568,84.30K,-1.75%
1-Dec-11,3.648,3.575,3.689,3.541,175.65K,2.76%
30-Nov-11,3.55,3.627,3.639,3.54,126.80K,-2.28%
29-Nov-11,3.633,3.552,3.64,3.525,128.91K,8.00%
28-Nov-11,3.364,3.529,3.58,3.351,16.85K,-5.03%
25-Nov-11,3.542,3.481,3.549,3.415,14.61K,2.37%
23-Nov-11,3.46,3.408,3.483,3.352,116.33K,1.32%
22-Nov-11,3.415,3.404,3.455,3.362,100.40K,0.47%
21-Nov-11,3.399,3.329,3.44,3.285,146.59K,2.50%
18-Nov-11,3.316,3.439,3.444,3.285,148.71K,-2.76%
17-Nov-11,3.41,3.343,3.479,3.325,169.14K,1.97%
16-Nov-11,3.344,3.407,3.439,3.326,135.13K,-1.76%
15-Nov-11,3.404,3.445,3.483,3.39,136.95K,-1.56%
14-Nov-11,3.458,3.54,3.553,3.441,127.73K,-3.52%
11-Nov-11,3.584,3.631,3.659,3.557,101.20K,-1.78%
10-Nov-11,3.649,3.658,3.708,3.612,101.71K,-0.08%
9-Nov-11,3.652,3.76,3.763,3.648,122.32K,-2.48%
8-Nov-11,3.745,3.704,3.769,3.656,95.15K,1.33%
7-Nov-11,3.696,3.764,3.765,3.652,125.62K,-2.30%
4-Nov-11,3.783,3.807,3.847,3.769,112.54K,0.13%
3-Nov-11,3.778,3.76,3.863,3.741,157.40K,0.77%
2-Nov-11,3.749,3.772,3.804,3.73,79.84K,-0.85%
1-Nov-11,3.781,3.932,3.955,3.76,142.83K,-3.89%
31-Oct-11,3.934,3.93,3.978,3.852,88.20K,0.28%
28-Oct-11,3.923,3.775,3.94,3.771,167.62K,11.32%
27-Oct-11,3.524,3.59,3.6,3.495,22.98K,-1.84%
26-Oct-11,3.59,3.66,3.693,3.564,70.47K,-1.86%
25-Oct-11,3.658,3.601,3.7,3.581,88.39K,1.50%
24-Oct-11,3.604,3.635,3.678,3.591,90.02K,-0.69%
21-Oct-11,3.629,3.621,3.651,3.549,105.57K,-0.03%
20-Oct-11,3.63,3.605,3.724,3.571,197.52K,1.23%
19-Oct-11,3.586,3.55,3.635,3.536,119.83K,0.93%
18-Oct-11,3.553,3.688,3.698,3.532,126.31K,-3.66%
17-Oct-11,3.688,3.73,3.777,3.641,149.91K,-0.41%
14-Oct-11,3.703,3.539,3.743,3.512,188.08K,4.87%
13-Oct-11,3.531,3.482,3.559,3.446,173.57K,1.20%
12-Oct-11,3.489,3.609,3.63,3.48,192.41K,-3.51%
11-Oct-11,3.616,3.562,3.627,3.513,190.17K,2.12%
10-Oct-11,3.541,3.486,3.568,3.455,139.11K,1.72%
7-Oct-11,3.481,3.595,3.6,3.47,161.20K,-3.25%
6-Oct-11,3.598,3.565,3.64,3.512,154.57K,0.78%
5-Oct-11,3.57,3.654,3.692,3.553,108.17K,-1.87%
4-Oct-11,3.638,3.607,3.665,3.591,91.15K,0.58%
3-Oct-11,3.617,3.643,3.699,3.591,114.84K,-1.34%
30-Sep-11,3.666,3.755,3.792,3.651,119.83K,-2.16%
29-Sep-11,3.747,3.793,3.837,3.685,160.16K,-0.32%
28-Sep-11,3.759,3.805,3.826,3.741,15.60K,-1.78%
27-Sep-11,3.827,3.786,3.853,3.773,74.28K,1.19%
26-Sep-11,3.782,3.701,3.803,3.68,68.56K,2.19%
23-Sep-11,3.701,3.711,3.755,3.693,74.04K,-0.11%
22-Sep-11,3.705,3.722,3.76,3.662,126.91K,-0.67%
21-Sep-11,3.73,3.781,3.799,3.71,109.66K,-1.79%
20-Sep-11,3.798,3.83,3.859,3.775,85.30K,-0.81%
19-Sep-11,3.829,3.776,3.847,3.743,113.72K,0.53%
16-Sep-11,3.809,3.882,3.895,3.791,146.76K,-1.78%
15-Sep-11,3.878,4.042,4.08,3.875,188.89K,-3.99%
14-Sep-11,4.039,3.99,4.099,3.955,145.90K,1.48%
13-Sep-11,3.98,3.905,4.018,3.87,144.77K,2.45%
12-Sep-11,3.885,3.9,3.925,3.826,103.18K,-0.77%
9-Sep-11,3.915,3.977,3.989,3.885,120.63K,-1.63%
8-Sep-11,3.98,3.942,4.029,3.92,135.09K,1.02%
7-Sep-11,3.94,3.925,4.038,3.9,148.74K,0.05%
6-Sep-11,3.938,3.882,3.95,3.851,107.03K,1.70%
2-Sep-11,3.872,4.05,4.065,3.85,127.81K,-4.40%
1-Sep-11,4.05,4.06,4.13,3.97,153.28K,-0.10%
31-Aug-11,4.054,3.909,4.068,3.87,143.02K,3.71%
30-Aug-11,3.909,3.842,3.92,3.78,85.77K,1.35%
29-Aug-11,3.857,3.925,3.931,3.834,13.86K,-1.88%
26-Aug-11,3.931,3.927,3.964,3.904,55.35K,0.00%
25-Aug-11,3.931,3.915,3.984,3.87,92.40K,0.23%
24-Aug-11,3.922,3.994,4.029,3.91,95.89K,-1.78%
23-Aug-11,3.993,3.889,4.048,3.874,144.01K,2.67%
22-Aug-11,3.889,3.893,3.928,3.853,114.15K,-1.29%
19-Aug-11,3.94,3.926,3.972,3.901,66.82K,1.23%
18-Aug-11,3.892,3.933,3.996,3.843,135.46K,-1.04%
17-Aug-11,3.933,3.932,3.982,3.892,96.96K,0.03%
16-Aug-11,3.932,4.038,4.042,3.903,148.77K,-2.29%
15-Aug-11,4.024,4.012,4.062,3.95,106.86K,-0.89%
12-Aug-11,4.06,4.106,4.14,4.052,79.41K,-1.17%
11-Aug-11,4.108,3.998,4.143,3.94,162.30K,2.62%
10-Aug-11,4.003,4.009,4.081,3.98,145.36K,0.23%
9-Aug-11,3.994,3.944,4.04,3.888,142.26K,1.50%
8-Aug-11,3.935,3.911,3.972,3.855,139.14K,-0.15%
5-Aug-11,3.941,3.946,3.979,3.901,136.66K,0.00%
4-Aug-11,3.941,4.091,4.119,3.915,187.16K,-3.64%
3-Aug-11,4.09,4.153,4.18,4.066,104.06K,-1.56%
2-Aug-11,4.155,4.191,4.23,4.135,68.80K,-0.79%
1-Aug-11,4.188,4.135,4.204,4.129,76.74K,1.04%
29-Jul-11,4.145,4.234,4.234,4.138,88.28K,-2.33%
28-Jul-11,4.244,4.318,4.339,4.2,115.06K,-2.88%
27-Jul-11,4.37,4.377,4.412,4.34,15.91K,0.00%
26-Jul-11,4.37,4.365,4.391,4.316,67.35K,-0.36%
25-Jul-11,4.386,4.413,4.459,4.343,80.42K,-0.30%
22-Jul-11,4.399,4.394,4.474,4.37,86.94K,0.09%
21-Jul-11,4.395,4.499,4.594,4.373,137.59K,-2.33%
20-Jul-11,4.5,4.535,4.597,4.433,134.20K,-0.73%
19-Jul-11,4.533,4.543,4.579,4.511,89.35K,-0.29%
18-Jul-11,4.546,4.546,4.612,4.482,126.34K,0.00%
15-Jul-11,4.546,4.402,4.56,4.383,145.36K,3.84%
14-Jul-11,4.378,4.375,4.409,4.252,149.32K,-0.57%
13-Jul-11,4.403,4.32,4.418,4.313,112.40K,1.62%
12-Jul-11,4.333,4.283,4.35,4.223,92.28K,1.05%
11-Jul-11,4.288,4.231,4.338,4.182,115.25K,1.97%
8-Jul-11,4.205,4.162,4.225,4.121,86.65K,1.74%
7-Jul-11,4.133,4.225,4.248,4.064,144.83K,-1.99%
6-Jul-11,4.217,4.355,4.361,4.213,109.41K,-3.35%
5-Jul-11,4.363,4.313,4.411,4.251,130.44K,1.21%
1-Jul-11,4.311,4.372,4.389,4.301,71.50K,-1.44%
30-Jun-11,4.374,4.313,4.422,4.213,142.38K,1.37%
29-Jun-11,4.315,4.372,4.378,4.276,94.78K,-0.96%
28-Jun-11,4.357,4.274,4.38,4.251,16.33K,2.37%
27-Jun-11,4.256,4.228,4.276,4.176,70.79K,0.64%
24-Jun-11,4.229,4.212,4.248,4.171,66.90K,0.86%
23-Jun-11,4.193,4.301,4.335,4.154,144.18K,-2.87%
22-Jun-11,4.317,4.415,4.444,4.298,114.04K,-1.62%
21-Jun-11,4.388,4.309,4.414,4.305,115.66K,1.64%
20-Jun-11,4.317,4.301,4.376,4.279,96.86K,-0.18%
17-Jun-11,4.325,4.44,4.449,4.317,110.42K,-1.97%
16-Jun-11,4.412,4.585,4.595,4.408,148.83K,-3.60%
15-Jun-11,4.577,4.573,4.605,4.522,101.38K,-0.09%
14-Jun-11,4.581,4.611,4.654,4.558,100.38K,-1.40%
13-Jun-11,4.646,4.79,4.811,4.595,142.86K,-2.33%
10-Jun-11,4.757,4.661,4.782,4.661,131.20K,1.78%
9-Jun-11,4.674,4.85,4.983,4.51,227.42K,-3.57%
8-Jun-11,4.847,4.814,4.873,4.767,144.33K,0.33%
7-Jun-11,4.831,4.823,4.854,4.764,145.27K,0.08%
6-Jun-11,4.827,4.772,4.855,4.738,146.88K,2.55%
3-Jun-11,4.707,4.785,4.807,4.683,100.40K,-1.81%
2-Jun-11,4.794,4.627,4.859,4.625,190.72K,3.56%
1-Jun-11,4.629,4.655,4.68,4.587,124.01K,-0.79%
31-May-11,4.666,4.56,4.707,4.525,173.18K,3.28%
27-May-11,4.518,4.374,4.563,4.365,146.47K,4.44%
26-May-11,4.326,4.37,4.414,4.195,18.15K,-1.21%
25-May-11,4.379,4.334,4.385,4.316,68.49K,0.78%
24-May-11,4.345,4.328,4.397,4.27,94.23K,-0.02%
23-May-11,4.346,4.238,4.379,4.22,130.82K,2.74%
20-May-11,4.23,4.088,4.266,4.077,116.15K,3.32%
19-May-11,4.094,4.19,4.197,4.088,131.20K,-2.48%
18-May-11,4.198,4.189,4.241,4.18,75.97K,0.38%
17-May-11,4.182,4.285,4.328,4.16,114.03K,-3.15%
16-May-11,4.318,4.253,4.339,4.196,113.11K,1.70%
13-May-11,4.246,4.192,4.273,4.153,89.24K,1.24%
12-May-11,4.194,4.189,4.236,4.109,117.52K,0.31%
11-May-11,4.181,4.28,4.292,4.153,126.36K,-1.53%
10-May-11,4.246,4.19,4.282,4.162,107.18K,2.21%
9-May-11,4.154,4.25,4.297,4.149,119.28K,-1.91%
6-May-11,4.235,4.235,4.344,4.217,129.87K,-0.61%
5-May-11,4.261,4.565,4.572,4.205,218.24K,-6.90%
4-May-11,4.577,4.67,4.685,4.556,122.06K,-1.99%
3-May-11,4.67,4.688,4.718,4.649,84.23K,-0.49%
2-May-11,4.693,4.685,4.729,4.637,118.63K,-0.11%
29-Apr-11,4.698,4.57,4.705,4.555,132.07K,2.78%
28-Apr-11,4.571,4.397,4.599,4.396,194.27K,4.43%
27-Apr-11,4.377,4.378,4.425,4.365,14.67K,-0.23%
26-Apr-11,4.387,4.377,4.409,4.333,82.20K,-0.05%
25-Apr-11,4.389,4.404,4.445,4.344,82.73K,-0.52%
21-Apr-11,4.412,4.316,4.428,4.271,138.98K,2.37%
20-Apr-11,4.31,4.281,4.344,4.271,108.72K,1.13%
19-Apr-11,4.262,4.143,4.293,4.129,122.12K,3.00%
18-Apr-11,4.138,4.21,4.27,4.087,158.47K,-1.57%
15-Apr-11,4.204,4.218,4.24,4.173,103.67K,-0.19%
14-Apr-11,4.212,4.14,4.261,4.063,191.97K,1.71%
13-Apr-11,4.141,4.09,4.182,4.075,172.80K,1.05%
12-Apr-11,4.098,4.11,4.145,4.058,144.76K,-0.24%
11-Apr-11,4.108,4.016,4.152,3.99,157.37K,1.66%
8-Apr-11,4.041,4.061,4.079,4.014,158.30K,-0.39%
7-Apr-11,4.057,4.145,4.16,4.033,229.15K,-2.15%
6-Apr-11,4.146,4.226,4.245,4.129,129.32K,-2.01%
5-Apr-11,4.231,4.282,4.322,4.221,83.12K,-1.35%
4-Apr-11,4.289,4.334,4.364,4.233,121.93K,-1.67%
1-Apr-11,4.362,4.405,4.428,4.286,113.93K,-0.62%
31-Mar-11,4.389,4.374,4.442,4.205,186.37K,0.78%
30-Mar-11,4.355,4.26,4.389,4.255,124.48K,2.71%
29-Mar-11,4.24,4.333,4.369,4.197,16.34K,-3.06%
28-Mar-11,4.374,4.425,4.48,4.324,91.16K,-0.66%
25-Mar-11,4.403,4.23,4.432,4.219,83.18K,3.75%
24-Mar-11,4.244,4.35,4.399,4.213,145.82K,-2.10%
23-Mar-11,4.335,4.269,4.35,4.254,121.87K,1.90%
22-Mar-11,4.254,4.156,4.269,4.151,103.99K,2.24%
21-Mar-11,4.161,4.168,4.23,4.116,114.13K,-0.17%
18-Mar-11,4.168,4.16,4.198,4.099,132.75K,0.24%
17-Mar-11,4.158,3.941,4.169,3.919,169.31K,5.59%
16-Mar-11,3.938,3.948,4.015,3.902,128.82K,-0.08%
15-Mar-11,3.941,3.911,4.004,3.8,204.33K,0.69%
14-Mar-11,3.914,3.923,4.053,3.891,129.59K,0.64%
11-Mar-11,3.889,3.831,3.947,3.806,128.31K,1.54%
10-Mar-11,3.83,3.922,3.94,3.795,132.68K,-2.54%
9-Mar-11,3.93,3.854,3.946,3.838,128.45K,1.71%
8-Mar-11,3.864,3.92,3.964,3.832,135.63K,-1.60%
7-Mar-11,3.927,3.792,3.936,3.731,162.28K,3.10%
4-Mar-11,3.809,3.782,3.826,3.731,76.28K,0.82%
3-Mar-11,3.778,3.814,3.87,3.76,104.05K,-1.05%
2-Mar-11,3.818,3.856,3.885,3.796,93.45K,-1.42%
1-Mar-11,3.873,4.05,4.056,3.854,140.93K,-4.06%
28-Feb-11,4.037,4.009,4.1,3.954,123.00K,0.80%
25-Feb-11,4.005,3.884,4.044,3.832,130.79K,5.59%
24-Feb-11,3.793,3.898,3.906,3.775,16.93K,-2.74%
23-Feb-11,3.9,3.858,3.929,3.821,72.77K,0.85%
22-Feb-11,3.867,3.879,3.989,3.824,78.37K,-0.23%
18-Feb-11,3.876,3.87,3.899,3.841,87.96K,0.21%
17-Feb-11,3.868,3.913,3.949,3.825,105.76K,-1.35%
16-Feb-11,3.921,3.994,3.997,3.908,121.59K,-1.38%
15-Feb-11,3.976,3.941,3.997,3.891,127.68K,1.30%
14-Feb-11,3.925,3.899,3.95,3.86,121.91K,0.38%
11-Feb-11,3.91,3.963,3.981,3.895,163.58K,-1.91%
10-Feb-11,3.986,4.066,4.149,3.965,205.27K,-1.43%
9-Feb-11,4.044,4.074,4.087,3.992,156.22K,0.10%
8-Feb-11,4.04,4.111,4.127,4.028,181.90K,-1.56%
7-Feb-11,4.104,4.26,4.274,4.101,213.51K,-4.78%
4-Feb-11,4.31,4.359,4.369,4.287,110.63K,-0.62%
3-Feb-11,4.337,4.431,4.496,4.325,143.78K,-2.08%
2-Feb-11,4.429,4.351,4.445,4.339,121.87K,1.89%
1-Feb-11,4.347,4.417,4.425,4.321,100.15K,-1.65%
31-Jan-11,4.42,4.323,4.46,4.29,139.21K,2.24%
28-Jan-11,4.323,4.322,4.369,4.252,92.45K,0.16%
27-Jan-11,4.316,4.471,4.474,4.29,17.31K,-3.90%
26-Jan-11,4.491,4.467,4.51,4.381,63.38K,0.40%
25-Jan-11,4.473,4.581,4.609,4.401,91.89K,-2.34%
24-Jan-11,4.58,4.802,4.879,4.557,115.56K,-3.29%
21-Jan-11,4.736,4.689,4.777,4.644,137.17K,0.87%
20-Jan-11,4.695,4.575,4.704,4.525,175.72K,2.94%
19-Jan-11,4.561,4.41,4.585,4.406,138.91K,3.07%
18-Jan-11,4.425,4.494,4.545,4.387,142.87K,-1.23%
14-Jan-11,4.48,4.401,4.496,4.367,130.34K,1.66%
13-Jan-11,4.407,4.481,4.503,4.362,169.04K,-2.74%
12-Jan-11,4.531,4.504,4.554,4.446,133.47K,1.12%
11-Jan-11,4.481,4.386,4.504,4.338,134.83K,1.86%
10-Jan-11,4.399,4.373,4.45,4.322,108.50K,-0.52%
7-Jan-11,4.422,4.4,4.45,4.327,124.91K,-0.27%
6-Jan-11,4.434,4.486,4.623,4.38,164.03K,-0.87%
5-Jan-11,4.473,4.611,4.64,4.447,116.91K,-4.20%
4-Jan-11,4.669,4.627,4.707,4.557,160.21K,0.41%
3-Jan-11,4.65,4.492,4.689,4.491,156.62K,5.56%
